Samurai Shodown Game Boy juego con embalaje original y guía;129,99 EUR;+ 8,00 EUR de envío;desde Alemania;
Samurai Shodown Nintendo Game Boy Vga 75 ex +/H-costura Casi Nuevo Sellado De Fábrica Nueva;1.487,65 EUR;+ 17,00 EUR de envío;desde Rusia;
Jeu Samurai Shodown Game Boy FAH ;18,00 EUR;Envío no especificado;desde Francia;
Nintendo Gameboy-Samurai Shodown-Embalaje original-Top-Pal;129,90 EUR;Envío no especificado;desde Alemania;
Samurai Shodown JPN - Nintendo GameBoy - NGB;7,88 EUR;+ 19,95 EUR de envío;desde Países Bajos;
Nintendo Game Boy, Samurai Shodown incl. caja original y guía, dmg-x4-noe;149,95 EUR;Envío no especificado;desde Alemania;
Samurai Shodown Nintendo Gameboy OVP cib Boxed;109,90 EUR;Envío no especificado;desde Alemania;
 gameboy Repro Custom box Samurai Shodown;5,00 EUR;Envío no especificado;desde Italia;
Samurai Shodown Nintendo Game Boy Probado Funcionando;27,19 EUR;Envío gratis;desde Estados Unidos;
Game Boy Samurai Shodown;1.275,13 EUR;+ 17,00 EUR de envío;desde México;
Samurai Shodown 1 Gameboy Nintendo ref 271 GB;34,00 EUR;+ 14,45 EUR de envío;desde Japón;
Samurai Shodown III: Hojas de sangre juego BOY versión japonesa;139,64 EUR;+ 17,00 EUR de envío;desde Japón;
Gameboy Samurai Shodown;25,50 EUR;+ 4,25 EUR de envío;desde Estados Unidos;
Samurai Shodown Nintendo Game Boy GB espíritus Japón;49,73 EUR;+ 15,30 EUR de envío;desde Japón;
Samurai Shodown III Gameboy Nettou Sin Caja Solo Cartucho;39,77 EUR;+ 17,00 EUR de envío;desde Japón;
Game Boy la mejor guía 1997 libro catálogo KOF96 Pokemon Samurai Shodown 3 GB 31 *;67,16 EUR;+ 21,25 EUR de envío;desde Japón;
Samurai Shodown Nintendo Gameboy Publicidad Promo Auténtico Original 1994;8,49 EUR;Envío gratis;desde Estados Unidos;
Samurai Spirits: Zankurou Musouken/Samurai Shodown III Juego Boy sólo juego JP;63,76 EUR;Envío internacional gratis;desde Japón;
Samurai Spirits: Zankurou Musouken/Samurai Shodown III Juego Boy juego probado Jp;63,76 EUR;Envío internacional gratis;desde Japón;
✳ Samurai Shodown Xbox One Juego. nuevo Sellado;18,67 EUR;+ 16,77 EUR de envío estimado;desde Reino Unido;
Samurai Shodown Nintendo Switch Reino Unido Juego ** Free UK Post **;29,25 EUR;+ 10,54 EUR de envío;desde Reino Unido;
Samurai Shodown PlayStation 4 PS4 Video Juego Nuevo Sellado;234,11 EUR;+ 34,91 EUR de envío estimado;desde Reino Unido;
Samurai Shodown III, 3-Juego Para PLAYSTATION/PS1-Reino Unido PAL-RARE (EX-alquiler);52,68 EUR;+ 21,71 EUR de envío;desde Reino Unido;
Samurai Shodown PS4 Juego-Nuevo Y Sellado-GRATIS UK FRANQUEO;30,31 EUR;+ 11,71 EUR de envío;desde Reino Unido;
Samurai Shodown-Nintendo Switch UK Juego en muy buena condición * Free UK Post *;40,96 EUR;Envío no especificado;desde Reino Unido;
Samurai Shodown Nintendo Switch Juego de Reino Unido ** Nuevo Y Sellado **;35,11 EUR;+ 10,54 EUR de envío;desde Reino Unido;
Samurai Shodown Antología Sony PSP Juego PlayStation Portable Disco Sólo;21,21 EUR;+ 6,80 EUR de envío;desde Bulgaria;
Playstation 2 Juego: Samurai Shodown V (excelente condición sellado de fábrica) PAL Reino Unido;81,93 EUR;+ 13,40 EUR de envío;desde Reino Unido;
Samurai Shodown V Special Limited run Game #328 (Sony PlayStation 4) nuevo ps4 SNK;79,95 EUR;+ 21,99 EUR de envío;desde Alemania;
PS2 juego de NTSC-J Japonés-Samurai Shodown cero (nuevo Sellado);46,82 EUR;+ 18,73 EUR de envío;desde Reino Unido;
Samurai Shodown IV 4 Saturn japonés. disco de juego y manual solamente. sin Caja Ni Ram;18,73 EUR;+ 34,78 EUR de envío estimado;desde Reino Unido;
Samurai Shodown 2-Neo Geo Pocket SNK-RARE-NEOP 0030-en Caja Con Manual;70,23 EUR;+ 36,03 EUR de envío estimado;desde Reino Unido;
Xbox Series X-Samurai Shodown Enhanced Se GAME NUOVO;23,53 EUR;+ 3,00 EUR de envío;desde Reino Unido;
Samurai Shodown NeoGeo Colección Nintendo Switch Juego pixnlove Cubierta Exclusivo;57,36 EUR;+ 22,19 EUR de envío estimado;desde Reino Unido;
Samurai Shodown Neogeo Colección PlayStation 4 PS4 Nuevo Sellado Oficial;39,39 EUR;+ 21,87 EUR de envío estimado;desde Reino Unido;
Samurai Shodown Anthology para Sony PSP * embalaje original *;37,95 EUR;+ 10,00 EUR de envío;desde Alemania;
Switch-Samurai Shodown: NeoGeo Collection /Switch GAME NUOVO;30,36 EUR;+ 3,00 EUR de envío;desde Reino Unido;
Neo Geo CD Juego-Samurai Shodown 3: Hojas de sangre Japón En Caja Perfecto Estado;21,24 EUR;Envío internacional gratis;desde Alemania;
Switch-Samurai Shodown: NeoGeo Collection /Switch (UK IMPORT) GAME NEW;28,52 EUR;+ 3,35 EUR de envío;desde Reino Unido;
PlayStation 4-Samurai Shodown: NeoGeo Collection /PS4 GAME NUOVO;26,46 EUR;+ 3,00 EUR de envío;desde Reino Unido;
Switch-Samurai Shodown: NeoGeo Collection /Switch GAME NEUF;29,98 EUR;+ 4,00 EUR de envío;desde Reino Unido;
Xbox Series X-Samurai Shodown Enhanced Se GAME NEUF;23,25 EUR;+ 4,00 EUR de envío;desde Reino Unido;
Samurai Shodown 5 V Playstation 2 PS2 FR Box, game in english;23,00 EUR;+ 12,50 EUR de envío;desde Francia;
Xbox Series X-Samurai Shodown Enhanced Se (UK IMPORT) GAME NEW;22,08 EUR;+ 3,35 EUR de envío;desde Reino Unido;
PlayStation 4-Samurai Shodown: NeoGeo Collection /PS4 GAME NEUF;26,13 EUR;+ 4,00 EUR de envío;desde Reino Unido;
Samurai Shodown (Nintendo Switch) GAME NUOVO;61,24 EUR;+ 3,00 EUR de envío;desde Reino Unido;
Switch-Samurai Shodown /Switch GAME NUOVO;59,39 EUR;+ 3,00 EUR de envío;desde Reino Unido;
Samurai Shodown (Nintendo Switch) GAME NEUF;60,44 EUR;+ 4,00 EUR de envío;desde Reino Unido;
Switch-Samurai Shodown /Switch GAME NEUF;58,62 EUR;+ 4,00 EUR de envío;desde Reino Unido;
Samurai Shodown (Nintendo Switch) (UK IMPORT) GAME NEW;57,70 EUR;+ 3,35 EUR de envío;desde Reino Unido;
Juego de Samurai Shodown Nintendo SNES nos En Caja;81,93 EUR;Envío internacional gratis;desde Alemania;
Switch-Samurai Shodown /Switch (UK IMPORT) GAME NEW;55,95 EUR;+ 3,35 EUR de envío;desde Reino Unido;
Juego de CD Neo Geo Samurai Shodown 3: Hojas de sangre Japón En Caja, Manual;26,91 EUR;+ 16,91 EUR de envío estimado;desde Reino Unido;
Neo Geo CD Juego-Samurai Shodown 4: Amakusa's Revenge Jap Caja En Perfecto Estado;49,30 EUR;Envío internacional gratis;desde Alemania;
Samurai Shodown NEOGEO Juego De Interruptor De Colección;32,09 EUR;+ 21,73 EUR de envío estimado;desde Reino Unido;
Samurai Shodown mejorada Xbox Serie X Juego;59,46 EUR;+ 17,51 EUR de envío estimado;desde Reino Unido;
