Nintendo Game Boy Color, Carmageddon NTSC, nuevo/soldada;79,00 EUR;Envío no especificado;desde Alemania;
Carmageddon-GAMEBOY COLOR Juego-EUR en caja;25,77 EUR;+ 16,91 EUR de envío estimado;desde Reino Unido;
Carmageddon NINTENDO GAMEBOY COLOUR COLOR solo carro;10,48 EUR;+ 16,63 EUR de envío estimado;desde Reino Unido;
Carmageddon Nintendo Game Boy Color juego muy buen estado probado;5,99 EUR;+ 9,99 EUR de envío;desde Alemania;
Carmageddon NINTENDO GAME BOY COLOR Vintage;10,53 EUR;+ 17,56 EUR de envío;desde Reino Unido;
Nintendo 64 Game Boy Color Big n soluciones podréis Carmageddon 64 Castlevania +;24,99 EUR;+ 16,99 EUR de envío;desde Alemania;
Jeu Carmageddon pour Nintendo Game Boy Color GBC EUR Loose - Floto Games;14,90 EUR;Envío no especificado;desde Francia;
Carmageddon gameboy color Game Boy Color GBC OVP EUR cib;29,90 EUR;Envío no especificado;desde Alemania;
Carmageddon gameboy color Game Boy juegos rayo GBC envío módulo rennspiel;7,90 EUR;Envío no especificado;desde Alemania;
Gameboy Color Carmageddon CIB Oficial Nintendo;23,41 EUR;Envío no especificado;desde Reino Unido;
Carmageddon (Nintendo Game Boy Color, 2000) nuevo, sellado de fábrica, sin abrir;59,64 EUR;Envío gratis;desde Estados Unidos;
Carmageddon Game Boy Color Game Boy Color Auténtico y probado!! Excelente Estado!!;5,10 EUR;+ 3,82 EUR de envío;desde Estados Unidos;
Carmageddon (Game Boy Color, 1997) sólo Auténtico-Juego;8,52 EUR;Envío gratis;desde Estados Unidos;
Carmageddon (Nintendo Game Boy Color, 2000) Nueva Sellado;34,04 EUR;+ 3,41 EUR de envío;desde Estados Unidos;
Carmageddon Juego Boy Color Nueva Sellado;46,85 EUR;Envío gratis;desde Estados Unidos;
Carmageddon Juego Boy Color Juego Nueva Sellado De Fábrica * LEER *;59,60 EUR;+ 4,22 EUR de envío;desde Estados Unidos;
Carmageddon Juego Boy Color Juego Usado;8,52 EUR;Envío gratis;desde Estados Unidos;
Carmageddon Con Manual Para Game Boy Color! envío rápido! auténtico;7,63 EUR;Envío gratis;desde Estados Unidos;
Carmageddon (Nintendo Game Boy Color, 2000) GBC;7,23 EUR;+ 2,98 EUR de envío;desde Estados Unidos;
Carmageddon (Nintendo Game Boy Color, 2000) sólo Juego-gran forma;4,56 EUR;+ 2,56 EUR de envío;desde Estados Unidos;
Carmageddon (solo manual, sin juego) Nintendo Game Boy Color;7,66 EUR;Envío gratis;desde Estados Unidos;
Nintendo Gameboy Color-Kiwi Verde Lima Con Cartucho De Juego Carmageddon;63,90 EUR;+ 12,78 EUR de envío;desde Irlanda;
1999 ANUNCIO IMPRESO DE COLECCIÓN-Game Boy Color ad.. Casper Wicked Surf Carmageddon;11,72 EUR;Envío gratis;desde Estados Unidos;
Game Boy Color GBC Game CASE ONLY - Carmageddon;8,64 EUR;+ 17,04 EUR de envío;desde Australia;
Carmageddon-Solo Manual-Gameboy Color;5,11 EUR;Envío gratis;desde Estados Unidos;
Carmageddon Manual Nintendo Gameboy Color GBC Game Boy;6,77 EUR;Envío gratis;desde Estados Unidos;
