Mega Man V / 5 Game Boy - Game Boy Color;44,99 EUR;+ 20,00 EUR de envío;desde España;
Mega Man V-Nintendo Game Boy;228,39 EUR;+ 4,10 EUR de envío;desde Dinamarca;
Mega Man V / 5 Game Boy - Game Boy Color - Game Boy Advance - Retro Game;44,99 EUR;Envío no especificado;desde España;
Mega Man V 5 EUR, game boy art box only,no game inside!;24,90 EUR;Envío no especificado;desde Italia;
Original Nintendo Gameboy Mega Man V.;450,00 EUR;+ 13,99 EUR de envío;desde Alemania;
Mega Man V 5 EUR version, game boy art box only,no game inside!;26,90 EUR;Envío no especificado;desde Italia;
Mega Man V Game Boy-auténtico; cartucho, manual y caja de plástico Gameboy GB;281,15 EUR;Envío gratis;desde Estados Unidos;
Mega Man V + Mega Man II (Nintendo Game Boy, 1994) como nuevo-etiquetas son magníficos;254,75 EUR;Envío gratis;desde Estados Unidos;
Nintendo game boy games lot Mega Man V Operation C Battle Arena Toshinden;243,82 EUR;Envío internacional gratis;desde Canadá;
Rockman World 5 Juego Boy japonés Importado Mega Man V GB GBC Japón jp Vendedor de Estados Unidos;34,07 EUR;Envío gratis;desde Estados Unidos;
Mega Man V (Nintendo Game Boy, 1994);206,19 EUR;+ 3,41 EUR de envío;desde Estados Unidos;
Mega Man V Nintendo Game Boy en Protector caso auténtico Megaman V Probado Funciona;242,01 EUR;+ 3,62 EUR de envío;desde Estados Unidos;
Mega Man V (5) Gameboy GB Excelentes Condiciones;221,52 EUR;+ 4,43 EUR de envío;desde Estados Unidos;
Mega Man V (Nintendo Game Boy, 1994) Auténtico, probados y Original;213,00 EUR;+ 3,54 EUR de envío;desde Estados Unidos;
Mega Man V (Nintendo Gameboy);208,70 EUR;Envío gratis;desde Estados Unidos;
Mega Man V-Nintendo Game Boy, auténtico Cartucho, probado, Funciona!;212,99 EUR;+ 3,62 EUR de envío;desde Estados Unidos;
Rockman World 5 Juego Boy japonés Importado Mega Man V GB GBC Japón jp Vendedor de Estados Unidos;29,81 EUR;+ 5,07 EUR de envío;desde Estados Unidos;
Nuevo anuncioMega Man Gameboy Colección Bundle! Mega Man IV ~ Mega Man V & Mega Man I-III;362,10 EUR;+ 6,82 EUR de envío;desde Estados Unidos;
Mega Man V-GAME BOY GB caso personalizado * Sin Juego *;8,51 EUR;Envío gratis;desde Estados Unidos;
Nuevo anuncioMega Man V (5) Gameboy GB Excelentes Condiciones;170,39 EUR;+ 3,79 EUR de envío;desde Estados Unidos;
Mega Man V (Nintendo Game Boy, 1994);243,81 EUR;+ 1,33 EUR de envío;desde Canadá;
Juego de Mega Man V BOY versión japonesa;140,41 EUR;+ 17,04 EUR de envío;desde Japón;
Nintendo Gameboy GB GBC GBA SP LOT -  Rockman 5 Tetris Jungle Wars JP Mega Man V;30,00 EUR;+ 15,00 EUR de envío;desde Países Bajos;
Juego de reemplazo personalizado de Mega Man V solo Manual De Instrucciones Para Gameboy;28,11 EUR;Envío gratis;desde Estados Unidos;
Gameboy Spiel - Mega Man V;548,94 EUR;+ 36,60 EUR de envío;desde Suiza;
Mega Man V 5 - custom cart - Gameboy - Game Boy Advance - GBA - Game Cart;20,03 EUR;+ 5,01 EUR de envío;desde Canadá;
Mega Man V Nintendo Game Boy FRIDGE MAGNET;2,18 EUR;+ 2,51 EUR de envío;desde España;
Mega Man V Nintendo Game Boy Schlüsselanhänger;2,46 EUR;+ 2,50 EUR de envío;desde España;
Mega Man V Game Boy Nintendo Porte-Clés Porte-Clé;2,18 EUR;+ 2,50 EUR de envío;desde España;
Mega Man V Nintendo Game Boy Fridge Magnet Aimant Frigo;2,18 EUR;+ 2,50 EUR de envío;desde España;
Mega Man V Nintendo Game Boy Fridge Magnet Magnete Frigorifero;2,22 EUR;+ 2,50 EUR de envío;desde España;
Mega Man V Game Boy Nintendo Portachiavi Keyring;2,22 EUR;+ 2,50 EUR de envío;desde España;
Mega Man V Game Boy Nintendo Llavero;2,18 EUR;+ 2,51 EUR de envío;desde España;
Mega Man V Nintendo Game Boy Keyring, Portachiavi;2,53 EUR;+ 2,50 EUR de envío;desde España;
