Nintendo Game Boy Bart Simpson's Escape from Camp Deadly + ORIGINAL BOX + INSTRUCTIONS NOE;119,90 EUR;+8,99 EUR shipping;from Germany;
Nintendo Game Boy Bart Simpson's Escape from Camp Deadly + ORIGINAL BOX + INSTRUCTIONS NOE;99,90 EUR;+8,99 EUR shipping;from Germany;
Gameboy Color Bart Simpson's Escape from Camp Deadly + Case;7,99 EUR;Shipping not specified;from Germany;
Bart Simpson's Escape from Camp Deadly for Gameboy Classic, Color, Advance,;15,00 EUR;Shipping not specified;from Germany;
Bart Simpson's Escape from Camp Deadly Nintendo Game Boy Manual ~ Instr Booklet;5,96 EUR;Free shipping;from United States;
Bart Simpson's Escape from Camp Deadly Nintendo Game Boy Video Game Manual Only;3,83 EUR;Free shipping;from United States;
Bart Simpson's Escape from Camp Deadly Nintendo Game Boy Video Game Manual Only;5,63 EUR;Free shipping;from United States;
Simpsons Bart Simpson's Escape from Camp Deadly Game Boy Authentic & Comic #1;51,11 EUR;Free shipping;from United States;
Game Boy - Bart Simpson's Escape from Camp Deadly - CARTRIDGE ONLY;12,00 EUR;+4,22 EUR shipping;from United States;
1991 Bart Simpson's Escape from Camp Deadly Game Boy Old Promo Poster Ad Framed;36,67 EUR;+14,69 EUR shipping;from Germany;
