Alien 3 para Gameboy y color y Advance;9,90 EUR;+¬†7,00 EUR de env√≠o;Vendidos  8 sep 2021Art√≠culo vendido;desde Alemania;
TOTAL Magazine #18 June 1993 Retro Games Nintendo SNES NES Game Boy Alien 3;7,00 EUR;+ 25,48 EUR de env√≠o estimado;Vendidos  4 sep 2021Art√≠culo vendido;desde Reino Unido;
Gameboy Juego: Alien 3-Run & Pistola shooter de acci√≥n de desplazamiento lateral;23,40 EUR;+ 16,86 EUR de env√≠o estimado;Vendidos  27 ago 2021Art√≠culo vendido;desde Reino Unido;
Alien 3 Nintendo Gameboy juego Game Boy Ripley bien;9,90 EUR;Env√≠o no especificado;Vendidos  25 ago 2021Art√≠culo vendido;desde Alemania;
Alien 3 Game Boy FAH  TBE;80,00 EUR;Env√≠o internacional gratis;Vendidos  13 ago 2021Art√≠culo vendido;desde Francia;
Alien 3 para Gameboy y color y Advance;9,90 EUR;+¬†7,00 EUR de env√≠o;Vendidos  11 ago 2021Art√≠culo vendido;desde Alemania;
Retro juego-Nintendo Gameboy-Alien 3-s√≥lo el m√≥dulo-coleccionista-raras;8,99 EUR;Env√≠o no especificado;Vendidos  4 ago 2021Art√≠culo vendido;desde Alemania;
Alien 3-Game Boy-M√≥dulo de juego-Nintendo-Game Boy-muy buen estado;13,49 EUR;Env√≠o no especificado;Vendidos  1 ago 2021Art√≠culo vendido;desde Alemania;
Alien 3-Nintendo Game Boy-PAL-SOLO Carro-Funcionando-ukfreepost;23,40 EUR;+ 16,86 EUR de env√≠o estimado;Vendidos  28 jul 2021Art√≠culo vendido;desde Reino Unido;
Alien 3 Game Boy FAH ;10,00 EUR;Env√≠o internacional gratis;Vendidos  24 jul 2021Art√≠culo vendido;desde Francia;
Alien 3 Gameboy Juego Nintendo Gameboy Advance GBA SP üíØ% Genuino Probado;23,40 EUR;+ 16,86 EUR de env√≠o estimado;Vendidos  21 jul 2021Art√≠culo vendido;desde Reino Unido;
NINTENDO GAMEBOY Paquete De Juegos X6 Mario T2 Alien 3 Popeye 2 Quest Tetris carros de Reino Unido;38,57 EUR;+ 20,29 EUR de env√≠o estimado;Vendidos  17 jul 2021Art√≠culo vendido;desde Reino Unido;
Lot 4 notices jeux Game Boy Off Road Alien 3 Best of the Karat√© Pinball Gator;12,00 EUR;Env√≠o no especificado;Vendidos  2 jul 2021Art√≠culo vendido;desde Francia;
Alien 3 para Nintendo Game Boy Con Estuche Oficial;16,38 EUR;+ 16,73 EUR de env√≠o estimado;Vendidos  1 jul 2021Art√≠culo vendido;desde Reino Unido;
Alien 3 Gameboy Nintendo Solo Manual De Instrucciones-Buen;16,99 EUR;Env√≠o gratis;Vendidos  18 ago 2021Art√≠culo vendido;desde Estados Unidos;
Alien 3 (1993) Nintendo Game Boy, Caja Y Juego-Sin Manual;25,50 EUR;+¬†3,49 EUR de env√≠o;Vendidos  10 ago 2021Art√≠culo vendido;desde Estados Unidos;
Alien 3 (Nintendo Game Boy de 1993) Excelente Estado & Aut√©ntico;25,46 EUR;Env√≠o gratis;Vendidos  6 ago 2021Art√≠culo vendido;desde Estados Unidos;
Alien 3 Juego para Nintendo GameBoy aut√©ntico!;12,71 EUR;Env√≠o gratis;Vendidos  30 jul 2021Art√≠culo vendido;desde Estados Unidos;
Lote De Juegos 6 GameBoy y Advance Gba-Alien 3 Batman Looney Tunes Pacman Y M√°s;40,80 EUR;+¬†4,24 EUR de env√≠o;Vendidos  24 jul 2021Art√≠culo vendido;desde Estados Unidos;
Alien 3 (Nintendo Game Boy, 1993) - Cartucho √∫nicamente Probado;8,49 EUR;+¬†3,78 EUR de env√≠o;Vendidos  23 jul 2021Art√≠culo vendido;desde Estados Unidos;
Alien 3 Game Boy Nintendo Gameboy GB Juegos aut√©ntico Cartucho Jap√≥n jp Probado;16,14 EUR;Env√≠o internacional gratis;Vendidos  22 jul 2021Art√≠culo vendido;desde Jap√≥n;
Alien 3 (Nintendo Game Boy, 1993) cartucho s√≥lo probado Aut√©ntico;16,99 EUR;+¬†3,49 EUR de env√≠o;Vendidos  6 jul 2021Art√≠culo vendido;desde Estados Unidos;
Alien 3 (Nintendo Game Boy, 1993) liberado y probado!;15,30 EUR;Env√≠o gratis;Vendidos  3 jul 2021Art√≠culo vendido;desde Estados Unidos;
Alien 3 con manual de instrucciones Nintendo Game Boy Con Estuche;29,75 EUR;+¬†3,83 EUR de env√≠o;Vendidos  27 jun 2021Art√≠culo vendido;desde Estados Unidos;
Alien 3!!! aut√©ntico!!!! probado! (Nintendo Game Boy, 1993);16,99 EUR;Env√≠o gratis;Vendidos  23 jun 2021Art√≠culo vendido;desde Estados Unidos;
Alien 3 (Nintendo Game Boy, 1993) liberado & Probado Funcionando;16,14 EUR;Env√≠o gratis;Vendidos  21 jun 2021Art√≠culo vendido;desde Estados Unidos;
Alien 3-Super Nintendo condici√≥n de juego utilizados;29,25 EUR;+ 16,96 EUR de env√≠o estimado;Vendidos  8 sep 2021Art√≠culo vendido;desde Reino Unido;
Alien 3 Juego Para Sega Game Gear, en Caja Con Protector;11,71 EUR;+ 20,16 EUR de env√≠o estimado;Vendidos  16 jul 2021Art√≠culo vendido;desde Reino Unido;
Alien 3 Super Nintendo SNES Juego solo carro probado-PAL Reino Unido;17,50 EUR;+¬†11,65 EUR de env√≠o;Vendidos  1 sep 2021Art√≠culo vendido;desde Reino Unido;
SEGA Game Gear Alien 3 EUR Tr√®s Bon √©tat;9,90 EUR;+¬†11,98 EUR de env√≠o;Vendidos  9 sep 2021Art√≠culo vendido;desde Francia;
Alien 3-Sega juego de Mega Drive;11,71 EUR;+ 20,39 EUR de env√≠o estimado;Vendidos  3 jul 2021Art√≠culo vendido;desde Reino Unido;
Juego Super Nintendo Alien 3 EE. UU.;14,92 EUR;+ 16,70 EUR de env√≠o estimado;Vendidos  13 jul 2021Art√≠culo vendido;desde Reino Unido;
Alien 3-Sega Mega Drive Juego Completo;18,72 EUR;+ 16,77 EUR de env√≠o estimado;Vendidos  15 sep 2021Art√≠culo vendido;desde Reino Unido;
Sega Mega Drive/Genesis Alien 3 Juego en Caja con Manual CIB 1992 Perfecto Estado;35,11 EUR;+ 21,16 EUR de env√≠o estimado;Vendidos  25 jul 2021Art√≠culo vendido;desde Reino Unido;
Sega Mega Drive juego Completo Alien 3;17,55 EUR;+ 16,75 EUR de env√≠o estimado;Vendidos  9 sep 2021Art√≠culo vendido;desde Reino Unido;
Alien 3 Sega Mega Drive Juego Con Manual Y GRATIS UK FRANQUEO;23,40 EUR;+ 16,86 EUR de env√≠o estimado;Vendidos  9 ago 2021Art√≠culo vendido;desde Reino Unido;
