Battle Arena Toshinden-Nintendo Game Boy Raro Retro probado üíØ% Genuino;32,76 EUR;+ 17,02 EUR de env√≠o estimado;desde Reino Unido;
Battle Arena Toshinden - Nintendo Gameboy Game Boy GB - Complet - PAL EUR - TBE;174,90 EUR;+¬†24,90 EUR de env√≠o;desde Francia;
Nintendo Gameboy-Battle Arena Toshinden-Embalaje original-Top-pal-rar;199,90 EUR;Env√≠o no especificado;desde Alemania;
Japon√©s Nintendo Gameboy Juego-DMG-atdj-Battle Arena Toshinden Nettou;23,35 EUR;+ 16,86 EUR de env√≠o estimado;desde Reino Unido;
Battle Arena Toshinden Raro peque√±o cartel 42x30cm Playstation Saturn PC Game Boy;58,52 EUR;+¬†11,69 EUR de env√≠o;desde Alemania;
*** Battle Arena Toshinden Nintendo Juego Original Boy * limpiado & probado ***;19,54 EUR;Env√≠o gratis;desde Estados Unidos;
Battle Arena Toshinden Nintendo Juego Original Boy * limpiado & Probado *;21,24 EUR;Env√≠o gratis;desde Estados Unidos;
Battle Arena Toshinden (Nintendo Game Boy) Gb con Manual;18,69 EUR;+¬†3,82 EUR de env√≠o;desde Estados Unidos;
Nintendo game boy games lot Mega Man V Operation C Battle Arena Toshinden;244,39 EUR;Env√≠o internacional gratis;desde Canad√°;
Battle Arena Toshinden (Nintendo Game Boy, 1996) Aut√©ntico! probado funciona!;11,04 EUR;+¬†3,53 EUR de env√≠o;desde Estados Unidos;
Battle Arena Toshinden Nintendo Game Boy 100% Aut√©ntico solo carro;8,46 EUR;+¬†5,10 EUR de env√≠o;desde Estados Unidos;
Battle Arena Toshinden (Nintendo Game Boy, 1996) Usado;11,04 EUR;+¬†2,54 EUR de env√≠o;desde Estados Unidos;
Battle Arena Toshinden (Nintendo Game Boy, 1996), limpiado y probado;16,99 EUR;Env√≠o gratis;desde Estados Unidos;
Battle Arena Toshinden (Nintendo Game Boy, 1996);20,09 EUR;+¬†11,38 EUR de env√≠o;desde Canad√°;
Battle Arena Toshinden (Nintendo Game Boy, 1996) Aut√©ntico CARTUCHO-PROBADO Y FUNCIONA;21,24 EUR;+¬†3,40 EUR de env√≠o;desde Estados Unidos;
Nintendo Game Boy Battle Arena Toshinden Solo Carro Probado;10,19 EUR;+¬†3,78 EUR de env√≠o;desde Estados Unidos;
Battle Arena Toshinden (Nintendo Game Boy, 1996) with box, manuals, and insert;60,26 EUR;+¬†8,03 EUR de env√≠o;desde Canad√°;
Battle Arena Toshinden-NINTENDO GAMEBOY Cartucho De Juego Juego BOY;16,14 EUR;+¬†4,97 EUR de env√≠o;desde Estados Unidos;
Battle Arena Toshinden (Nintendo Game Boy, 1996);14,45 EUR;+¬†5,06 EUR de env√≠o;desde Estados Unidos;
GB-Battle Arena Toshinden Nintendo Gameboy Game Boy solo carro;16,91 EUR;Env√≠o gratis;desde Estados Unidos;
Battle Arena Toshinden Nintendo Game Boy Folleto De Instrucciones Manual Solamente! ‚≠ê üëÄ;33,96 EUR;+¬†2,97 EUR de env√≠o;desde Estados Unidos;
Battle Arena Toshinden (Nintendo Game Boy, 1996) solo carro! probado!;15,29 EUR;+¬†3,78 EUR de env√≠o;desde Estados Unidos;
Battle Arena Toshinden-NINTENDO GAMEBOY Cartucho De Juego Juego BOY;21,25 EUR;+¬†2,55 EUR de env√≠o;desde Estados Unidos;
Battle Arena Toshinden - Gameboy Classic - USA - GB CIB;119,99 EUR;+¬†16,10 EUR de env√≠o;desde B√©lgica;
Battle Arena Toshinden (Nintendo Game Boy, 1996) Aut√©ntico cartucho s√≥lo;16,99 EUR;Env√≠o gratis;desde Estados Unidos;
Battle Arena Toshinden (Nintendo Game Boy) Gb Solo Manual;8,49 EUR;+¬†3,56 EUR de env√≠o;desde Estados Unidos;
Super Mario Bros Deluxe Mario Land Double Dragon Battle Arena Toshinden Gameboy;46,75 EUR;Env√≠o gratis;desde Estados Unidos;
Battle Arena Toshinden para Nintendo Game Boy, En Caja Personalizada;27,20 EUR;+¬†15,30 EUR de env√≠o;desde Grecia;
Battle Arena Toshinden Nintendo Gameboy a Shin den trabajo NTSC-J 2105-182;85,00 EUR;+¬†16,99 EUR de env√≠o;desde Jap√≥n;
Battle Arena Toshinden Game Boy;297,53 EUR;+¬†17,00 EUR de env√≠o;desde M√©xico;
Battle Arena Toshinden (Gameboy) Completa;170,02 EUR;+¬†12,75 EUR de env√≠o;desde Estados Unidos;
Nintendo GameBoy Nettou Toshinden / Battle Arena Toshinden Cartridge;15,46 EUR;+¬†6,19 EUR de env√≠o;desde Australia;
Battle Arena Toshinden Raro peque√±o cartel 42x30cm Playstation Game Boy;51,00 EUR;+¬†11,04 EUR de env√≠o;desde Alemania;
Battle Arena Toshinden Raro peque√±o cartel 42x30cm Playstation Saturn PC Game Boy;59,50 EUR;+¬†11,04 EUR de env√≠o;desde Alemania;
Battle Arena Toshinden 1995 Sega Saturn PS1 Game Boy Raro peque√±o cartel vintage;68,00 EUR;+¬†11,04 EUR de env√≠o;desde Alemania;
Battle Arena Toshinden (Nintendo Game Boy) Gb * Solo Manual *;8,49 EUR;+¬†3,82 EUR de env√≠o;desde Estados Unidos;
PC IBM Battle Arena Toshinden gran caja de MS-DOS Vintage juego de computadora Takara;29,26 EUR;+¬†17,56 EUR de env√≠o;desde Reino Unido;
Battle Arena Toshinden Juego De Video Para Sony PlayStation PS1 japon√©s 00025;11,69 EUR;+ 16,65 EUR de env√≠o estimado;desde Reino Unido;
Battle Arena Toshinden 2 PS1 Juego;17,38 EUR;+¬†14,04 EUR de env√≠o;desde Reino Unido;
Battle Arena Toshinden PS1 (disco solamente) buen estado, probado;4,97 EUR;+¬†7,02 EUR de env√≠o;desde Reino Unido;
Battle Arena Toshinden PS1 PlayStation 1 PAL JUEGO COMPLETO Black Label Fighter;26,86 EUR;+ 16,91 EUR de env√≠o estimado;desde Reino Unido;
Battle Arena Toshinden PS1 Juego;11,59 EUR;+¬†13,45 EUR de env√≠o;desde Reino Unido;
Sony PS1 Playstation - Battle Arena Toshinden 3 - VERSI√ìN JAP√ìN;19,90 EUR;+¬†17,90 EUR de env√≠o;desde Espa√±a;
Battle Arena Toshinden 2 - Jeu PS1 - NTSC Japonais - Tr√®s bon √©tat - Complet;13,00 EUR;+¬†6,50 EUR de env√≠o;desde Francia;
Battle Arena Toshinden PS1-COMPLETO PAL Black Label;25,75 EUR;+ 16,90 EUR de env√≠o estimado;desde Reino Unido;
Console Gioco Game Play SEGA SATURN PAL EUR Italiano  Battle Arena Toshinden URA;59,00 EUR;+¬†29,00 EUR de env√≠o;desde Italia;
Battle Arena Toshinden 2 (PS1) COMPLETO + Manual-PlayStation;23,40 EUR;+ 16,86 EUR de env√≠o estimado;desde Reino Unido;
Battle Arena Toshinden 3 | PlayStation 1 | PS1 | Sony | PAL;21,07 EUR;+ 18,95 EUR de env√≠o estimado;desde Reino Unido;
Battle Arena Toshinden 2 Beat em up 3D ARCADE juego pc NTSC-U s√≥lo C/Sellado;23,40 EUR;+ 20,95 EUR de env√≠o estimado;desde Reino Unido;
Battle Arena Toshinden Playstation 1 completa probada;10,48 EUR;+ 16,62 EUR de env√≠o estimado;desde Reino Unido;
Battle Arena Toshinden PlayStation 1 PS1 EN CAJA COMPLETA PAL;15,21 EUR;+ 20,80 EUR de env√≠o estimado;desde Reino Unido;
Battle Arena Toshinden - Playstation 1 PS1 - Avec notice - PAL FR;17,99 EUR;+¬†3,00 EUR de env√≠o;desde Francia;
Sony Playstation PS1 - Battle Arena Toshinden - PAL;19,99 EUR;+¬†9,50 EUR de env√≠o;desde Francia;
üí´ PC Caja Grande Fatal Fury Battle Arena Toshinden 3 y todav√≠a sellado de f√°brica! 1994;29,25 EUR;+¬†23,40 EUR de env√≠o;desde Reino Unido;
Battle Arena Toshinden 3-Playstation PS1-Buen Estado;23,40 EUR;+ 20,36 EUR de env√≠o estimado;desde Reino Unido;
Battle Arena Toshinden 2-Sony PlayStation 1 PS1-Jap√≥n JPN-Completo;11,69 EUR;+ 16,65 EUR de env√≠o estimado;desde Reino Unido;
Battle Arena Toshinden PlayStation One PS1 disco solamente!;8,18 EUR;+ 16,58 EUR de env√≠o estimado;desde Reino Unido;
Battle Arena Toshinden 3 (Sony PlayStation 1) en muy buena condici√≥n rara;29,25 EUR;+¬†13,91 EUR de env√≠o;desde Reino Unido;
Battle Arena Toshinden (PS1) COMPLETO + Manual-PlayStation;13,99 EUR;+ 20,78 EUR de env√≠o estimado;desde Reino Unido;
Battle Arena Toshinden Remix (No Manual)/Sega Saturn PAL;17,55 EUR;+ 16,75 EUR de env√≠o estimado;desde Reino Unido;
Battle Arena Toshinden-PS1 (Sony Playstation 1) COMPLETA (PAL);8,43 EUR;+ 20,10 EUR de env√≠o estimado;desde Reino Unido;
Battle Arena Toshinden con la columna-PS1 PlayStation 1-Jap√≥n JPN-Completo;15,21 EUR;+ 16,70 EUR de env√≠o estimado;desde Reino Unido;
Battle Arena Toshinden | coleccionista como nuevo + instrucciones | cib Mint | ps1;39,98 EUR;+¬†11,90 EUR de env√≠o;desde Alemania;
