Marble Madness - Game Boy - PAL - FRA;6,00 EUR;+¬†4,00 EUR de env√≠o;Vendidos  12 sep 2021Art√≠culo vendido;desde Francia;
Marble Madness para Nintendo Gameboy * cib * mario * Tetris * Donkey Kong * Atari * Arcade ***;12,00 EUR;Env√≠o no especificado;Vendidos  22 ago 2021Art√≠culo vendido;desde Alemania;
Marble Madness Game Boy FAH ;10,00 EUR;Env√≠o internacional gratis;Vendidos  9 ago 2021Art√≠culo vendido;desde Francia;
Marble Madness - Game Boy - PAL - FRA;3,00 EUR;+¬†4,00 EUR de env√≠o;Vendidos  4 ago 2021Art√≠culo vendido;desde Francia;
Marble Madness nuevo gameboy VGA sealed Nintendo;101,00 EUR;Env√≠o no especificado;Vendidos  18 jul 2021Art√≠culo vendido;desde Alemania;
Marble Madness & KLAX-Nintendo Gameboy Advance GBA-Juego Original solo carro;6,97 EUR;+ 16,56 EUR de env√≠o estimado;Vendidos  10 jul 2021Art√≠culo vendido;desde Reino Unido;
Marble Madness Game Boy SCN ;10,00 EUR;Env√≠o internacional gratis;Vendidos  5 jul 2021Art√≠culo vendido;desde Francia;
Marble Madness/KLAX (Nintendo Game Boy Advance, 2005) Nueva Sellado de f√°brica;10,22 EUR;Env√≠o gratis;Vendidos  15 sep 2021Art√≠culo vendido;desde Estados Unidos;
Marble Madness Nintendo Game Boy Cartucho en Caja Completo Casi Nuevo Con Envoltorio intacta;59,64 EUR;+¬†9,37 EUR de env√≠o;Vendidos  14 sep 2021Art√≠culo vendido;desde Estados Unidos;
Marble Madness Nintendo Game Boy Color 1999 Nuevo y sellado de f√°brica;17,03 EUR;+¬†3,40 EUR de env√≠o;Vendidos  13 sep 2021Art√≠culo vendido;desde Estados Unidos;
Marble Madness Klax (Nintendo Gameboy Advance, 2005) Cart Only GBA Game Boy;4,01 EUR;+¬†2,67 EUR de env√≠o;Vendidos  13 sep 2021Art√≠culo vendido;desde Canad√°;
Marble Madness-Nintendo Game Boy Gameboy * Completo En Caja Completo En Caja *;34,07 EUR;Env√≠o gratis;Vendidos  12 sep 2021Art√≠culo vendido;desde Estados Unidos;
Marble Madness Cartucho De Juego-NINTENDO GAME Chico + Color o ADVANCE;6,68 EUR;Env√≠o gratis;Vendidos  10 sep 2021Art√≠culo vendido;desde Estados Unidos;
Marble Madness (Nintendo Game Boy) solo carro Probado;8,51 EUR;+¬†3,66 EUR de env√≠o;Vendidos  8 sep 2021Art√≠culo vendido;desde Estados Unidos;
Marble Madness (Nintendo Game Boy);9,80 EUR;+¬†3,58 EUR de env√≠o;Vendidos  8 sep 2021Art√≠culo vendido;desde Estados Unidos;
Marble Madness/KLAX Nintendo Game Boy Advance Video Juego Carro;6,59 EUR;Env√≠o gratis;Vendidos  7 sep 2021Art√≠culo vendido;desde Estados Unidos;
Marble Madness/KLAX (Nintendo Game Boy Advance, 2005);8,51 EUR;Env√≠o gratis;Vendidos  4 sep 2021Art√≠culo vendido;desde Estados Unidos;
Marble Madness-aut√©ntico-NINTENDO GAME BOY GB-Solo Manual!;5,23 EUR;Env√≠o gratis;Vendidos  2 sep 2021Art√≠culo vendido;desde Estados Unidos;
Marble Madness/KLAX (Nintendo Game Boy Advance, 2005) Vendedor de EE. UU.;14,90 EUR;+¬†4,43 EUR de env√≠o;Vendidos  2 sep 2021Art√≠culo vendido;desde Estados Unidos;
Marble Madness | Gameboy Color üïπ | Excellent Condition!;7,00 EUR;+¬†3,50 EUR de env√≠o;Vendidos  28 ago 2021Art√≠culo vendido;desde Pa√≠ses Bajos;
Marble Madness/KLAX (Nintendo Game Boy Advance, 2005);2,55 EUR;+¬†7,28 EUR de env√≠o;Vendidos  26 ago 2021Art√≠culo vendido;desde Estados Unidos;
Marble Madness/Barbie Genie/X-men Nintendo Game Boy Color Aut√©ntico Probado;9,36 EUR;+¬†4,47 EUR de env√≠o;Vendidos  25 ago 2021Art√≠culo vendido;desde Estados Unidos;
Marble Madness Nintendo Game Boy Cartucho en Caja Completa;38,32 EUR;Env√≠o gratis;Vendidos  23 ago 2021Art√≠culo vendido;desde Estados Unidos;
Marble Madness/KLAX (Nintendo Game Boy Advance, 2005);7,67 EUR;Env√≠o gratis;Vendidos  19 ago 2021Art√≠culo vendido;desde Estados Unidos;
Marble Madness Game Boy Color Nuevo Juego Boy Advance;18,31 EUR;Env√≠o gratis;Vendidos  18 ago 2021Art√≠culo vendido;desde Estados Unidos;
Marble Madness & KLAX (Nintendo Gameboy Game Boy Advance GBA) solo carro;5,96 EUR;Env√≠o gratis;Vendidos  18 ago 2021Art√≠culo vendido;desde Estados Unidos;
Marble Madness (Nintendo Game Boy) completo con caja manual juego funciona!;31,95 EUR;Env√≠o gratis;Vendidos  15 ago 2021Art√≠culo vendido;desde Estados Unidos;
Marble Madness/Klax Para Nintendo Game Boy Advance! env√≠o r√°pido!;5,92 EUR;Env√≠o gratis;Vendidos  14 ago 2021Art√≠culo vendido;desde Estados Unidos;
Nos Marble Madness/KLAX GBA Game Boy Advance FS da√±os Caja Sellada de F√°brica!!!;17,03 EUR;Env√≠o gratis;Vendidos  13 ago 2021Art√≠culo vendido;desde Estados Unidos;
Marble Madness KLAX Nintendo Game Boy Advance 2005 CIB Completo Gba Sp;11,07 EUR;Env√≠o gratis;Vendidos  10 ago 2021Art√≠culo vendido;desde Estados Unidos;
Marble Madness Nintendo Game Boy-aut√©ntico Cartucho s√≥lo probado;7,24 EUR;+¬†3,79 EUR de env√≠o;Vendidos  10 ago 2021Art√≠culo vendido;desde Estados Unidos;
Marble Madness (Nintendo Game Boy);4,26 EUR;+¬†2,56 EUR de env√≠o;Vendidos  10 ago 2021Art√≠culo vendido;desde Estados Unidos;
Marble Madness (Nintendo Gameboy, 1989), s√≥lo cartucho;8,48 EUR;Env√≠o gratis;Vendidos  9 ago 2021Art√≠culo vendido;desde Estados Unidos;
Marble Madness (Nintendo Game Boy Color GBC) Nueva, Sellado De F√°brica;13,30 EUR;+¬†5,11 EUR de env√≠o;Vendidos  2 ago 2021Art√≠culo vendido;desde Estados Unidos;
Marble Madness/KLAX (Nintendo Game Boy Advance, 2005);4,42 EUR;+¬†5,54 EUR de env√≠o;Vendidos  2 ago 2021Art√≠culo vendido;desde Estados Unidos;
Marble Madness GameBoy Color con caja y tarjeta de inscripci√≥n;12,78 EUR;Env√≠o gratis;Vendidos  1 ago 2021Art√≠culo vendido;desde Estados Unidos;
Gameboy Advance Marble Madness/KLAX y Dodgeball;10,22 EUR;+¬†3,41 EUR de env√≠o;Vendidos  1 ago 2021Art√≠culo vendido;desde Estados Unidos;
Marble Madness Para Nintendo GameBoy-Nice! aut√©ntico!;8,47 EUR;Env√≠o gratis;Vendidos  27 jul 2021Art√≠culo vendido;desde Estados Unidos;
Marble Madness Para Game Boy GB Cartucho en Caja Completa;18,32 EUR;+¬†4,26 EUR de env√≠o;Vendidos  27 jul 2021Art√≠culo vendido;desde Estados Unidos;
Marble Madness KLAX Gameboy Advance cartucho de juego y solo manual;7,60 EUR;Env√≠o gratis;Vendidos  25 jul 2021Art√≠culo vendido;desde Estados Unidos;
Marble Madness (Nintendo Game Boy) probado y Funcionando Completo En Caja;32,38 EUR;+¬†4,98 EUR de env√≠o;Vendidos  25 jul 2021Art√≠culo vendido;desde Estados Unidos;
Marble Madness (Nintendo Game Boy Color, 1999) - Cartucho √∫nicamente;6,81 EUR;+¬†3,79 EUR de env√≠o;Vendidos  24 jul 2021Art√≠culo vendido;desde Estados Unidos;
Marble Madness Game Boy Color Nuevo Juego Boy Advance;18,31 EUR;Env√≠o gratis;Vendidos  24 jul 2021Art√≠culo vendido;desde Estados Unidos;
Nintendo GameBoy Color Estuche Con Bandeja Y probado Marble Madness juego;16,95 EUR;Env√≠o gratis;Vendidos  20 jul 2021Art√≠culo vendido;desde Estados Unidos;
Game Boy Advance Marble Madness KLAX;11,25 EUR;+¬†6,82 EUR de env√≠o;Vendidos  18 jul 2021Art√≠culo vendido;desde Italia;
Marble Madness/KLAX NINTENDO GAMEBOY ADVANCE GBA;2,56 EUR;+¬†2,81 EUR de env√≠o;Vendidos  16 jul 2021Art√≠culo vendido;desde Estados Unidos;
Marble Madness-Nintendo NES Game-versi√≥n Pal;3,75 EUR;+¬†10,53 EUR de env√≠o;Vendidos  21 ago 2021Art√≠culo vendido;desde Reino Unido;
SEGA Mega Drive Juego Marble Madness/en Caja Completo Con Manual UK/PAL 1991;8,87 EUR;+ 34,93 EUR de env√≠o estimado;Vendidos  20 ago 2021Art√≠culo vendido;desde Reino Unido;
Marble Madness-Nintendo NES Game-versi√≥n Pal;5,86 EUR;+¬†10,53 EUR de env√≠o;Vendidos  17 jul 2021Art√≠culo vendido;desde Reino Unido;
Marble Madness-Totalmente En Caja Nintendo NES Game-versi√≥n Pal;11,13 EUR;+¬†11,70 EUR de env√≠o;Vendidos  3 jul 2021Art√≠culo vendido;desde Reino Unido;
Marble Madness Sega Game Gear;2,33 EUR;+ 32,85 EUR de env√≠o estimado;Vendidos  21 jul 2021Art√≠culo vendido;desde Reino Unido;
Marble Madness Sega Genesis Juego EE. UU. NTSC versi√≥n (funciona en Mega Drive);2,60 EUR;+¬†19,44 EUR de env√≠o;Vendidos  11 sep 2021Art√≠culo vendido;desde Reino Unido;
Marble Madness NINTENDO NES PAL Juego en Caja Completa Con Manual Gratis P&P;17,56 EUR;+ 16,76 EUR de env√≠o estimado;Vendidos  8 jul 2021Art√≠culo vendido;desde Reino Unido;
Marble Madness Sinclair ZX Spectrum Juego-casa de Melbourne (DCC) * Nuevo y sin usar *;5,80 EUR;+¬†4,98 EUR de env√≠o;Vendidos  15 sep 2021Art√≠culo vendido;desde Reino Unido;
Marble Madness de v√≠deo juego para Nintendo NES Pal probado en Caja;11,70 EUR;+ 16,66 EUR de env√≠o estimado;Vendidos  6 jul 2021Art√≠culo vendido;desde Reino Unido;
Sega Mega Drive Marble Madness OVP m√≥dulo instrucciones video game PAL;20,00 EUR;+¬†20,00 EUR de env√≠o;Vendidos  8 sep 2021Art√≠culo vendido;