Nintendo Game Boy Color, Army Men: Sarge's Heroes 2 VGA oro 90 nm +/MT;549,00 EUR;+ 55,00 EUR de envío;desde Alemania;
Army Men: Sarge's Heroes 2 para Nintendo Game Boy Color (Colour) * solo Cartucho *;4,67 EUR;+ 16,53 EUR de envío estimado;desde Reino Unido;
Army Men: Sarge's Heroes 2, aceptable juego Boy Color, juego Boy Color Video Juegos;8,03 EUR;Envío gratis;desde Estados Unidos;
Army Men: Sarge's Heroes 2 Nintendo Game Boy Color Auténtico Y Probado;8,48 EUR;+ 3,79 EUR de envío;desde Estados Unidos;
Army Men: Sarge's Heroes 2 Nintendo Game Boy Color GBC * Solo Manual * Sin Juego;5,11 EUR;Envío gratis;desde Estados Unidos;
Army Men: Sarge's Heroes 2 (Nintendo Game Boy Color, 2000) GBC completa!! rara!!!;42,56 EUR;+ 4,22 EUR de envío;desde Estados Unidos;
Army Men: Sarge's Heroes 2 (Nintendo Game Boy Color, 2000) Sólo Cartucho;8,51 EUR;Envío gratis;desde Estados Unidos;
Army Men: Sarge's Heroes 2 (Nintendo Game Boy Color, 2000) suelto solo carro;5,10 EUR;+ 3,41 EUR de envío;desde Estados Unidos;
Army Men: Sarge's Heroes 2 (Nintendo Game Boy Color, 2000) solo carro;8,52 EUR;+ 4,98 EUR de envío;desde Estados Unidos;
Army Men: Sarge's Heroes 2 (Nintendo Game Boy Color, 2000) GBC Free shipping;7,81 EUR;+ 3,33 EUR de envío;desde Canadá;
Army Men: Sarge's Heroes 2 (Nintendo Game Boy Color, 2000);5,96 EUR;+ 3,79 EUR de envío;desde Estados Unidos;
Army Men: Sarge's Heroes 2 (Nintendo Game Boy Color, 2000) Usado;4,94 EUR;+ 3,79 EUR de envío;desde Estados Unidos;
Army Men: Sarge's Heroes 2 (Nintendo Game Boy Color, 2000) Game only;7,31 EUR;+ 0,91 EUR de envío;desde Canadá;
Army Men: Sarge's Heroes 2 (Nintendo Game Boy Color, 2000);8,51 EUR;+ 5,96 EUR de envío;desde Estados Unidos;
Army Men: Sarge's Heroes 2 (Nintendo Game Boy Color, 2000) solo carro;9,58 EUR;Envío gratis;desde Estados Unidos;
Army Men: Sarge's Heroes 2 | Playstation PS2 | Completo | PAL-Libre P&P;5,84 EUR;+ 16,55 EUR de envío estimado;desde Reino Unido;
Army Men: Sarge's Heroes 2 Video Juego Para Sony PlayStation PS2 Pal probado;4,67 EUR;+ 16,53 EUR de envío estimado;desde Reino Unido;
PS1 X2 Juegos-Ejército Hombres: Sarge's Heroes & Army Men: Sarge's Heroes 2;15,17 EUR;+ 16,71 EUR de envío estimado;desde Reino Unido;
Army Men: Sarge's Heroes 2 Sony PlayStation 2 Entrega Gratis;5,83 EUR;+ 16,55 EUR de envío estimado;desde Reino Unido;
Army Men: Sarge's Heroes 2 Sony PlayStation 2;4,67 EUR;+ 18,32 EUR de envío estimado;desde Reino Unido;
Army Men: Sarge's Heroes 2 (Sony PlayStation 2, 2001);3,50 EUR;+ 18,42 EUR de envío estimado;desde Reino Unido;
Army Men: Sarge's Heroes 2-PS2;4,66 EUR;Envío no especificado;desde Reino Unido;
Army Men: Sarge's Heroes 2 (Sony PlayStation 2, 2001) (128);4,67 EUR;+ 16,53 EUR de envío estimado;desde Reino Unido;
Army Men: Sarge's Heroes 2 (Sony PlayStation 2);7,02 EUR;+ 7,48 EUR de envío;desde Reino Unido;
Army Men: Sarge's Heroes 2 (PS2) guerra/Acción Video Juegos;5,49 EUR;+ 16,54 EUR de envío estimado;desde Reino Unido;
Ps1 _ Army Men: Sarge's Heroes 2 _ primera edición CD muy buen estado;10,99 EUR;+ 7,00 EUR de envío;desde Alemania;
Army Men: Sarge's Heroes 2 PS2 Juego-PlayStation 2 gastos de envío gratis;4,67 EUR;+ 16,53 EUR de envío estimado;desde Reino Unido;
