Nintendo Game Boy Classic juego Donkey Kong Land III con embalaje original y guía fah;89,90 EUR;+ 8,99 EUR de envío;desde Alemania;
Nintendo Game Boy Classic juego Donkey Kong Land III 3 módulo EUR;21,90 EUR;+ 8,99 EUR de envío;desde Alemania;
Donkey Kong Land III - Nintendo Game Boy (Spanish Version);125,00 EUR;+ 15,00 EUR de envío;desde España;
Donkey Kong Land III en caja Nintendo Game Boy Completa;46,62 EUR;+ 17,21 EUR de envío estimado;desde Reino Unido;
Nintendo Game Boy, Donkey Kong Land III VGA oro 90 nm +/MT, nuevo;1.249,00 EUR;+ 55,00 EUR de envío;desde Alemania;
Donkey Kong Land III // Nintendo Game Boy // Solo Cartucho - PAL EUR;14,95 EUR;+ 15,95 EUR de envío;desde España;
Donkey Kong Land III 3 país Gameboy OVP cib Boxed;35,30 EUR;+ 4,50 EUR de envío;desde Alemania;
Nuevo anuncioDonkey Kong Land III  Nintendo Game boy PAL Eur Cartucho Envio Combinado Leer;8,90 EUR;Envío no especificado;desde España;
Nintendo Game Boy Donkey Kong Land III shipping Box, DMG p ad3e, vacía/empty;129,95 EUR;Envío no especificado;desde Alemania;
Nintendo Game Boy Donkey Kong Land III  Classics  Vers. EUR voir descriptif;146,00 EUR;Envío no especificado;desde Francia;
Donkey Kong Land III 3 Nintendo Game Boy Pal Loose;13,90 EUR;Envío no especificado;desde Francia;
Donkey Kong Land III (3) - Nintendo Game Boy;11,60 EUR;+ 16,58 EUR de envío estimado;desde Reino Unido;
NINTENDO GAMEBOY-Donkey Kong Land III-en Caja-Completo-PAL;29,09 EUR;+ 16,89 EUR de envío estimado;desde Reino Unido;
Donkey Kong Land III 3 Nintendo Gameboy juego/Game & instrucciones/instructions;25,00 EUR;+ 20,00 EUR de envío;desde Alemania;
Donkey Kong Land III 3 GameBoy GIG ITA esp CIB (no zelda metroid kirby pokemon);69,99 EUR;+ 16,99 EUR de envío;desde Italia;
Nintendo Gameboy Color (GBC) // Donkey Kong Land III (3) // jp jap;14,99 EUR;+ 5,99 EUR de envío;desde Alemania;
Donkey Kong Land III (solo carro) | Nintendo Gameboy Usado;11,66 EUR;+ 11,66 EUR de envío;desde Reino Unido;
Donkey Kong Land III para Nintendo GameBoy;13,99 EUR;+ 9,99 EUR de envío;desde Alemania;
Donkey Kong Land III Nintendo Game Boy Color Advance Juego Solo Carro Genuino;13,98 EUR;+ 18,53 EUR de envío estimado;desde Reino Unido;
Donkey Kong Land III (Game Boy GB 1997) Solo Cartucho;17,51 EUR;+ 12,90 EUR de envío;desde España;
Notice Nintendo Game Boy Donkey Kong Land III FAH Très Bon état;14,90 EUR;+ 11,98 EUR de envío;desde Francia;
Flyer Donkey Kong Land III / 3 Chirashi Handbill Game Boy Color [JAP] Promo VGC;39,99 EUR;+ 10,95 EUR de envío;desde Francia;
