Castlevania II: Belmont's Revenge Konami Nintendo Game Boy Gb probado Aut√©ntico;70,71 EUR;+¬†3,79 EUR de env√≠o;Vendidos  7 sep 2021Art√≠culo vendido;desde Estados Unidos;
Castlevania II: Belmont's Revenge-Juego Boy, probado y funciona üí™;55,38 EUR;+¬†3,79 EUR de env√≠o;Vendidos  28 ago 2021Art√≠culo vendido;desde Estados Unidos;
Castlevania II: Belmont's Revenge (Nintendo Game Boy, 1991);48,56 EUR;+¬†3,66 EUR de env√≠o;Vendidos  23 ago 2021Art√≠culo vendido;desde Estados Unidos;
Castlevania II: Belmont's Revenge (Nintendo Game Boy, caja de 1991);41,75 EUR;+¬†4,25 EUR de env√≠o;Vendidos  21 ago 2021Art√≠culo vendido;desde Estados Unidos;
Castlevania II: Belmont's Revenge (Nintendo Game Boy, 1991) Aut√©ntico Probado;68,15 EUR;Env√≠o gratis;Vendidos  12 ago 2021Art√≠culo vendido;desde Estados Unidos;
Castlevania II: Belmont's Revenge (Gameboy) Solo Manual-Sin juego;21,29 EUR;Env√≠o gratis;Vendidos  10 ago 2021Art√≠culo vendido;desde Estados Unidos;
Castlevania II: Belmont's Revenge-Game Boy Gb caso personalizado * Sin Juego *;8,51 EUR;Env√≠o gratis;Vendidos  2 ago 2021Art√≠culo vendido;desde Estados Unidos;
Castlevania II: Belmont's Revenge Nintendo Game Boy Carro 2 aut√©ntico de EE. UU.;46,86 EUR;+¬†3,41 EUR de env√≠o;Vendidos  1 ago 2021Art√≠culo vendido;desde Estados Unidos;
Dracula Densetsu II (Castlevania II: Belmont's Revenge) (Nintendo Game Boy, 1991);16,84 EUR;+¬†5,96 EUR de env√≠o;Vendidos  30 jul 2021Art√≠culo vendido;desde Jap√≥n;
Castlevania II: Belmont's Revenge Nintendo Gameboy 1991 Aut√©ntico Sin Probar;46,86 EUR;Env√≠o gratis;Vendidos  20 jul 2021Art√≠culo vendido;desde Estados Unidos;
Castlevania II: Belmont's Revenge (Game Boy) - Completo en Caja Completo En Caja;! muy bonito!;349,32 EUR;+¬†4,26 EUR de env√≠o;Vendidos  18 jul 2021Art√≠culo vendido;desde Estados Unidos;
