Super Kick Off Nintendo Game Boy Juego Original;8,51 EUR;+Â 6,82 EUR de envÃ­o;desde Ucrania;
Super Kick Off | Nintendo Game Boy UKV | Sin Caja;5,84 EUR;+ 16,55 EUR de envÃ­o estimado;desde Reino Unido;
Jeu Gameboy - Super Kick Off - Jeu Nintendo Game Boy compatible Color / Advance;3,50 EUR;+Â 5,00 EUR de envÃ­o;desde Francia;
Super Kick Off-Nintendo Gameboy Game Boy En Caja-Buen Estado-Libre P&P;23,43 EUR;+ 16,87 EUR de envÃ­o estimado;desde Reino Unido;
ğŸŒŸ Kick Off ğŸŒŸ NINTENDO GAME BOY ğŸŒŸ COLOR ğŸŒŸ SP ğŸŒŸ GBA ğŸŒŸ UK ğŸ‡¬ ğŸ‡§ vendedor ğŸŒŸ ğŸŒŸ EnvÃ­o rÃ¡pido;11,65 EUR;+Â 8,07 EUR de envÃ­o;desde Reino Unido;
GB: Kick Off   GAME BOY   DIVERTENTE!!!;9,99 EUR;+Â 8,50 EUR de envÃ­o;desde Italia;
Nintendo Game Boy Gameboy Copa del Mundo de fÃºtbol Kick Off tres Leones;17,56 EUR;+Â 9,96 EUR de envÃ­o;desde Reino Unido;
Super Kick Off - Cart - Gameboy;5,00 EUR;+Â 11,00 EUR de envÃ­o;desde PaÃ­ses Bajos;
Nintendo Game Boy Soccer bundle! 3 Games fifa 97/Kick Off/Soccer tested!;12,45 EUR;+Â 23,50 EUR de envÃ­o;desde BÃ©lgica;
Super Kick Off Nintendo Gameboy Juego;5,26 EUR;+ 16,54 EUR de envÃ­o estimado;desde Reino Unido;
Super Kick Off - Cart - Gameboy;5,00 EUR;+Â 11,00 EUR de envÃ­o;desde PaÃ­ses Bajos;
Nintendo Gameboy En Caja Juego-Super Kick Off en muy buena condiciÃ³n;24,20 EUR;+ 16,88 EUR de envÃ­o estimado;desde Reino Unido;
Super Kick Off Nintendo Gameboy genuino cartucho de juego;5,84 EUR;+ 16,55 EUR de envÃ­o estimado;desde Reino Unido;
Nintendo Game Boy Super Kick Off Notice / Instruction Manual;4,99 EUR;+Â 2,75 EUR de envÃ­o;desde Francia;
Nintendo Gameboy Juegos-Super Kick Off, fÃºtbol & Fifa Soccer 96;16,34 EUR;+ 16,74 EUR de envÃ­o estimado;desde Reino Unido;
Super Kick Off World Cup Nintendo Gameboy Cartucho sÃ³lo;9,36 EUR;+ 16,61 EUR de envÃ­o estimado;desde Reino Unido;
Nintendo Gameboy Juegos-Dr Mario Super Kick Off tenis Gameboy GalerÃ­a;19,85 EUR;+ 16,80 EUR de envÃ­o estimado;desde Reino Unido;
Nintendo Gameboy Juegos-Dr Mario F1 Race Wave Race Super Kick Off;18,68 EUR;+ 16,78 EUR de envÃ­o estimado;desde Reino Unido;
Super Kick Off FAH - Nintendo GameBoy - NGB;3,55 EUR;+Â 19,95 EUR de envÃ­o;desde PaÃ­ses Bajos;
Super Kick Off UKV - Nintendo GameBoy - NGB;8,05 EUR;+Â 19,95 EUR de envÃ­o;desde PaÃ­ses Bajos;
Super Kick Off - Nintendo GameBoy - NGB;4,46 EUR;+Â 19,95 EUR de envÃ­o;desde PaÃ­ses Bajos;
Super Kick Off - Nintendo GameBoy - NGB;4,46 EUR;+Â 19,95 EUR de envÃ­o;desde PaÃ­ses Bajos;
Nintendo Game Boy - Super Kick Off - PAL - FAH;4,99 EUR;+Â 4,60 EUR de envÃ­o;desde Francia;
Original Gameboy Juegos Paquete 6 Juegos Tetris Kick Off 5 en 1 T2 Wave;23,41 EUR;+Â 11,71 EUR de envÃ­o;desde Reino Unido;
1991 Super Kick Off Sega Genesis Game Boy SNES Vintage Promo Poster / Ad Framed;36,67 EUR;+Â 14,69 EUR de envÃ­o;desde Alemania;
Nintendo GameBoy juego - Super Kick Off cartucha con manual usado;23,99 EUR;EnvÃ­o internacional gratis;desde Alemania;
Super Kick Off-Cartucho De Nintendo Gameboy;17,56 EUR;+Â 11,71 EUR de envÃ­o;desde Reino Unido;
Nintendo GameBoy jeu - Super Kick Off cartouche avec manuel utilisÃ©;21,99 EUR;EnvÃ­o internacional gratis;desde Alemania;
Nintendo GameBoy Juego Super Kick Off Cartucho con Manual;17,56 EUR;EnvÃ­o internacional gratis;desde Alemania;
Notice Mode d'emploi Instruction jeu Nintendo Console game boy Super Kick Off;10,00 EUR;+Â 5,00 EUR de envÃ­o;desde Francia;
Super Kick Off - Nintendo Game Boy - Complet - En boÃ®te - PAL / NOE;29,90 EUR;+Â 5,80 EUR de envÃ­o;desde Francia;
Nintendo Game Boy Super Kick Off complet FAH;60,00 EUR;EnvÃ­o no especificado;desde PaÃ­ses Bajos;
Super Kick Off Game Boy 1996 Gameboy Imagineer DMG-KF-FAG;18,00 EUR;EnvÃ­o no especificado;desde Italia;
