Double Dragon II 1990s Juego Boy Cartucho sólo Probado Buena Condición-Libre Post;11,65 EUR;+ 16,58 EUR de envío estimado;desde Reino Unido;
Double Dragon II Nintendo Game Boy Color Advance Juego Solo Carro Genuino;19,76 EUR;+ 7,00 EUR de envío;desde Reino Unido;
NINTENDO GAME BOY / Notice Instruction / Double Dragon II 2 [ DMG-D2-USA ];14,99 EUR;+ 8,25 EUR de envío;desde Francia;
GAME BOY Double Dragon II: The Revenge FR NINTENDO COLOR CARTOUCHE SEULE;22,90 EUR;+ 29,00 EUR de envío;desde Francia;
Nintendo Game Boy Double Dragon II FAH Très Bon état #1;16,90 EUR;+ 11,98 EUR de envío;desde Francia;
Nintendo Game Boy Double Dragon II FAH Très Bon état;16,90 EUR;+ 11,98 EUR de envío;desde Francia;
Game Boy GB:Double Dragon II [TOP TECHNOS JAPAN & 1ERE EDITION] Fr;29,90 EUR;+ 4,30 EUR de envío;desde Francia;
NINTENDO GAMEBOY-Double Dragon II-usa carro solo Carro-fwo;13,93 EUR;+ 16,61 EUR de envío estimado;desde Reino Unido;
Nuevo anuncioDouble Dragon II 2 Nintendo Gameboy Juego PAL solo carro;17,48 EUR;+ 7,58 EUR de envío;desde Reino Unido;
Nintendo Gameboy loose jeu Double Dragon II;12,90 EUR;+ 4,00 EUR de envío;desde Francia;
Juego Game Boy Advance 108 En 1 - Double Dragon+Double Dragon II+Double Dragon I;6,00 EUR;Envío no especificado;desde España;
Double Dragon II (PAL) + i (japonés) - GameBoy Game Boy Nintendo gb módulo;17,00 EUR;Envío no especificado;desde Alemania;
Gameboy Double Dragon II CARTUCHO gwo;17,48 EUR;Envío no especificado;desde Reino Unido;
Double Dragon II/2-Manual/instrucciones-GameBoy Classic;14,99 EUR;Envío no especificado;desde Alemania;
