Nintendo Gameboy NBA Jam Game boy Fat;14,90 EUR;+ 12,00 EUR de envío;desde Francia;
NBA Jam 99 para Nintendo Gameboy Color En Caja;15,10 EUR;+ 16,64 EUR de envío estimado;desde Reino Unido;
Nintendo Gameboy-NBA Jam T.E. - Embalaje original-pal-Top;69,90 EUR;Envío no especificado;desde Alemania;
NBA Jam für Gameboy;9,99 EUR;+ 15,10 EUR de envío;desde Austria;
NBA Jam Game Boy Spiel #3960;18,29 EUR;+ 15,35 EUR de envío;desde Suiza;
NBA Jam 99 Game Boy Spiel #3940;18,29 EUR;+ 15,35 EUR de envío;desde Suiza;
NBA Jam 99 für Gameboy;9,99 EUR;+ 15,10 EUR de envío;desde Austria;
NBA Jam für Nintendo Gameboy / GB / GBC / GBA;6,99 EUR;+ 15,10 EUR de envío;desde Austria;
NBA Jam - EUR - Nintendo Gameboy Classic;39,00 EUR;+ 25,00 EUR de envío;desde Países Bajos;
NBA Jam für Gameboy;5,99 EUR;+ 15,10 EUR de envío;desde Austria;
NBA Jame T.E. torneo edición Gameboy;3,73 EUR;+ 34,09 EUR de envío estimado;desde Reino Unido;
NBA Jam EUR - Nintendo GameBoy - NGB;7,88 EUR;+ 19,95 EUR de envío;desde Países Bajos;
Nintendo GameBoy jeu - NBA Jam 1 cartouche utilisé;17,99 EUR;Envío internacional gratis;desde Alemania;
Nintendo Game Boy - NBA Jam - PAL - EUR;9,99 EUR;+ 4,60 EUR de envío;desde Francia;
NBA Jam 99 Nintendo Game Boy Juego;11,66 EUR;+ 18,49 EUR de envío estimado;desde Reino Unido;
Nintendo GameBoy gioco - NBA Jam 1 cartuccia usato;19,99 EUR;Envío internacional gratis;desde Alemania;
★☆☆ Nintendo Gameboy Classic - NBA Jam ☆☆★ ;6,95 EUR;+ 11,95 EUR de envío;desde Países Bajos;
★☆☆ Nintendo Gameboy Color - NBA Jam 99 ☆☆★;4,95 EUR;+ 11,95 EUR de envío;desde Países Bajos;
NBA Jam 99 (Nintendo Gameboy Color);17,49 EUR;+ 20,41 EUR de envío estimado;desde Reino Unido;
Nintendo GameBoy Color game - NBA Jam 99 cartridge with manual;10,64 EUR;Envío internacional gratis;desde Alemania;
Nintendo Gameboy Color Verde Lima CGB-001 portátil de consola con NBA Jam 99 En Caja;72,27 EUR;+ 37,66 EUR de envío estimado;desde Reino Unido;
NBA Jam - Game Boy - Nintendo - Notice EUR;4,99 EUR;+ 3,88 EUR de envío;desde Francia;
