Mega Man IV Game Boy Pal;13,50 EUR;+ 9,00 EUR de envío;Vendidos  25 ago 2021Artículo vendido;desde España;
Mega Man IV + V | Megaman 4 + 5 + embalaje-Nintendo GameBoy;55,00 EUR;Envío no especificado;Vendidos  20 ago 2021Artículo vendido;desde Alemania;
Mega Man IV / 4 Game Boy - Game Boy Color - Game Boy Advance - Retro Game;44,99 EUR;Envío no especificado;Vendidos  17 ago 2021Artículo vendido;desde España;
Mega Man IV Game Boy Pal;12,50 EUR;+ 13,00 EUR de envío;Vendidos  7 jul 2021Artículo vendido;desde España;
Mega Man IV Nintendo Game Boy auténtico, limpiado y probado! Ultra rare!;85,19 EUR;+ 3,58 EUR de envío;Vendidos  20 sep 2021Artículo vendido;desde Estados Unidos;
Mega Man IV 4 (Nintendo Game Boy);64,74 EUR;+ 4,43 EUR de envío;Vendidos  16 sep 2021Artículo vendido;desde Estados Unidos;
Mega Man IV 4 (Nintendo Game Boy) * Completo-Probado-Auténtico *;64,75 EUR;+ 4,43 EUR de envío;Vendidos  5 sep 2021Artículo vendido;desde Estados Unidos;
Mega Man IV Nintendo Game Boy auténtico, limpiado y probado! Ultra rare!;80,94 EUR;+ 3,66 EUR de envío;Vendidos  4 sep 2021Artículo vendido;desde Estados Unidos;
Rockman World 4 (Mega Man IV) | GameBoy solo carro | auténtico probado | US Seller;10,65 EUR;+ 2,98 EUR de envío;Vendidos  1 sep 2021Artículo vendido;desde Estados Unidos;
Megaman Mega Man IV 4 (Game Boy) Excelente Estado & Auténtico, Como nuevo;123,54 EUR;+ 3,62 EUR de envío;Vendidos  31 ago 2021Artículo vendido;desde Estados Unidos;
Mega Man IV Nintendo Gameboy Cartucho Con Estuche Original Equipment Manufacturer limpiado & probado Juego Boy 4;127,38 EUR;Envío gratis;Vendidos  29 ago 2021Artículo vendido;desde Estados Unidos;
Mega Man IV para Nintendo Gameboy. suelto probado auténtico 4;97,97 EUR;Envío gratis;Vendidos  24 ago 2021Artículo vendido;desde Estados Unidos;
Mega Man IV 4 Cartucho Tarjeta Para Game Boy Color Advance Game Boy Color GBA ESP versión inglés;6,81 EUR;Envío internacional gratis;Vendidos  3 ago 2021Artículo vendido;desde China;
Mega Man IV-GAME BOY GB caso personalizado * Sin Juego *;8,51 EUR;Envío gratis;Vendidos  26 jul 2021Artículo vendido;desde Estados Unidos;
Nintendo Gameboy Capcom Mega Man IV, probado y funcionando;85,20 EUR;Envío gratis;Vendidos  26 jul 2021Artículo vendido;desde Estados Unidos;
Mega Man Gameboy Colección Bundle! Mega Man IV ~ Mega Man V & Mega Man I-III;340,80 EUR;+ 4,77 EUR de envío;Vendidos  23 jul 2021Artículo vendido;desde Estados Unidos;
Mega Man IV [4] (Nintendo Gameboy Original) [Complete in Box CIB];758,85 EUR;+ 7,98 EUR de envío;Vendidos  19 jul 2021Artículo vendido;desde Canadá;
Nintendo GameBoy Mega Man IV Caja del juego Cartucho en Caja;127,79 EUR;+ 4,17 EUR de envío;Vendidos  13 jul 2021Artículo vendido;desde Estados Unidos;
Mega Man IV Megaman 4 Nintendo Game Boy Gameboy Juego Color Sin Probar;58,58 EUR;+ 3,62 EUR de envío;Vendidos  4 jul 2021Artículo vendido;desde Estados Unidos;
Megaman Mega Man IV 4 + Estuche de plástico (Game Boy) Excelente Estado & Auténtico;136,32 EUR;+ 3,58 EUR de envío;Vendidos  23 jun 2021Artículo vendido;desde Estados Unidos;
