Nintendo Gameboy (gb) // Kid Dracula + embalaje original + instrucciones // dt. PAL cib;399,99 EUR;+ 5,99 EUR de envío;Vendidos  19 sep 2021Artículo vendido;desde Alemania;
Kid Dracula - Nintendo Game Boy - TESTED AND WORKING;59,90 EUR;+ 12,00 EUR de envío;Vendidos  14 sep 2021Artículo vendido;desde Italia;
Kid Dracula USA - Gameboy - Very rare game!;119,00 EUR;+ 20,00 EUR de envío;Vendidos  3 sep 2021Artículo vendido;desde Países Bajos;
GameBoy Kid Dracula-reproducido caja de sustitución;10,22 EUR;+ 5,96 EUR de envío;Vendidos  27 ago 2021Artículo vendido;desde Grecia;
Gameboy Kid Dracula;92,03 EUR;+ 3,70 EUR de envío;Vendidos  24 jul 2021Artículo vendido;desde Alemania;
Kid Dracula - Game Boy GB Nintendo - PAL;69,00 EUR;Envío no especificado;Vendidos  13 jul 2021Artículo vendido;desde Austria;
Kid Dracula, Game Boy, Nintendo, Gameboy;40,50 EUR;Envío no especificado;Vendidos  4 jul 2021Artículo vendido;desde Alemania;
Kid Dracula Nintendo Gameboy Game ;9,99 EUR;Envío no especificado;Vendidos  4 jul 2021Artículo vendido;desde Irlanda;
Kid Dracula per Nintendo Game Boy // DMG-DF-ITA;40,00 EUR;Envío no especificado;Vendidos  25 jun 2021Artículo vendido;desde Italia;
Kid Dracula Nintendo Gameboy Game ;9,99 EUR;Envío no especificado;Vendidos  23 jun 2021Artículo vendido;desde Irlanda;
Kid Dracula (Nintendo Game Boy, 1993) USA, Authentic Tested;97,86 EUR;+ 10,01 EUR de envío;Vendidos  11 sep 2021Artículo vendido;desde Canadá;
Kid Dracula Nintendo Gameboy Cartucho auténtico de EE. UU. NTSC hecho en Japón;127,76 EUR;Envío gratis;Vendidos  30 ago 2021Artículo vendido;desde Estados Unidos;
Kid Dracula-Gameboy-Manual De Instrucciones-folleto-auténtico-Juego Boy;95,85 EUR;+ 4,22 EUR de envío;Vendidos  30 ago 2021Artículo vendido;desde Estados Unidos;
Kid Dracula EE. UU. NTSC (Nintendo Game Boy) Auténtico Juego Carro GameBoy Konami;169,55 EUR;Envío gratis;Vendidos  29 ago 2021Artículo vendido;desde Estados Unidos;
Kid Dracula (Nintendo Game Boy, 1993) USA, Authentic Tested;142,28 EUR;+ 10,01 EUR de envío;Vendidos  29 ago 2021Artículo vendido;desde Canadá;
Kid Dracula (Nintendo Game Boy) -- Auténtico Juego Carro -- GameBoy;170,36 EUR;Envío gratis;Vendidos  24 ago 2021Artículo vendido;desde Estados Unidos;
Kid Dracula (Nintendo Game Boy, 1993);116,72 EUR;+ 3,62 EUR de envío;Vendidos  19 ago 2021Artículo vendido;desde Estados Unidos;
Kid Dracula Gameboy Color;10,22 EUR;+ 3,49 EUR de envío;Vendidos  10 ago 2021Artículo vendido;desde Estados Unidos;
Kid Dracula (Game Boy, 1993) - Auténtico Importado Japonés, sólo cartucho;34,92 EUR;+ 3,41 EUR de envío;Vendidos  10 ago 2021Artículo vendido;desde Estados Unidos;
Kid Dracula Game Boy Pocket Personalizado OSD IPS LCD V.2 Lote Original Godzilla Raro;83,38 EUR;+ 8,52 EUR de envío;Vendidos  1 ago 2021Artículo vendido;desde Estados Unidos;
Kid Dracula Para Game Boy-Solo Manual GB;39,18 EUR;+ 7,65 EUR de envío;Vendidos  24 jul 2021Artículo vendido;desde Estados Unidos;
Kid Dracula auténtico Nintendo Game Boy GB Carro probado defectos DMG NTSC;80,94 EUR;+ 11,07 EUR de envío;Vendidos  19 jul 2021Artículo vendido;desde Canadá;
Kid Dracula (Nintendo Game Boy, 1993);17,04 EUR;+ 3,41 EUR de envío;Vendidos  17 jul 2021Artículo vendido;desde Estados Unidos;
Kid Dracula Gameboy Nintendo Excelente Estado Original.;175,09 EUR;+ 3,41 EUR de envío;Vendidos  14 jul 2021Artículo vendido;desde Estados Unidos;
Kid Dracula (Nintendo Game Boy, 1993) NTSC (sólo juego auténtico, Probado);149,10 EUR;+ 3,79 EUR de envío;Vendidos  9 jul 2021Artículo vendido;desde Estados Unidos;
AKUMAJOU Special Boku Dracula Kun Kid Dracula Nintendo GB GameBoy Japón Importación;21,29 EUR;+ 11,07 EUR de envío;Vendidos  7 jul 2021Artículo vendido;desde Japón;
Kid Dracula GameBoy auténticos de Estados Unidos 1993 Cartucho;169,55 EUR;+ 3,58 EUR de envío;Vendidos  5 jul 2021Artículo vendido;desde Estados Unidos;
Kid Dracula (Nintendo Game Boy, 1993);127,80 EUR;+ 3,54 EUR de envío;Vendidos  26 jun 2021Artículo vendido;desde Estados Unidos;
Kid Dracula Gameboy Color;10,22 EUR;+ 3,49 EUR de envío;Vendidos  23 jun 2021Artículo vendido;desde Estados Unidos;
