Super Scrabble-Nintendo Game Boy Gb solo Carro *;7,58 EUR;Envío gratis;desde Estados Unidos;
Super Scrabble-Nintendo Game Boy;5,94 EUR;+ 2,52 EUR de envío;desde Estados Unidos;
Nuevo anuncioSuper Scrabble-Nintendo Juego Original Boy;4,26 EUR;+ 4,26 EUR de envío;desde Estados Unidos;
Super Scrabble (Nintendo Game Boy) solo carro;6,73 EUR;Envío gratis;desde Estados Unidos;
Super Scrabble para Game Boy! envío rápido! auténtico;16,20 EUR;Envío gratis;desde Estados Unidos;
Super Scrabble Nintendo Game Boy video juego y manual ~ probado y de trabajo;5,97 EUR;+ 4,26 EUR de envío;desde Estados Unidos;
Super Scrabble Nintendo Juego Original Boy * Etiqueta bonita * más difícil encontrar;11,06 EUR;Envío gratis;desde Estados Unidos;
Super Scrabble para Nintendo Game Boy! envío rápido! auténtico;8,49 EUR;Envío gratis;desde Estados Unidos;
Monopolio & Super Scrabble Crucigrama Juegos Nintendo GameBoy GBC GBA SP juego de mesa;17,05 EUR;Envío gratis;desde Estados Unidos;
Gameboy Super Scrabble Juego Con Manual! Nintendo Game Boy.;13,64 EUR;Envío gratis;desde Estados Unidos;
Original Super Scrabble-NINTENDO GAMEBOY Original & COLOR GBC;7,59 EUR;Envío gratis;desde Estados Unidos;
Super Scrabble (Gameboy) Auténtico Sólo juego GB;8,49 EUR;+ 5,07 EUR de envío;desde Estados Unidos;
Super Scrabble-Juego Original Nintendo GameBoy;8,43 EUR;+ 2,52 EUR de envío;desde Estados Unidos;
Lote De Juego Gameboy/Gameboy Color Monsters Inc el Grinch Super Scrabble Todos Probado;8,53 EUR;+ 4,43 EUR de envío;desde Estados Unidos;
Super Scrabble (Nintendo Gameboy, 1991) solo carro Probado Funcionando auténtico GB;6,81 EUR;Envío gratis;desde Estados Unidos;
Super Scrabble (Gameboy, 1991) Con Folleto;8,52 EUR;+ 4,43 EUR de envío;desde Estados Unidos;
Arcade GameBoy Juego Super Scrabble en estuche de plástico;4,26 EUR;+ 3,41 EUR de envío;desde Estados Unidos;
Super Scrabble Game Boy manual de instrucciones Folleto Insert Vintage Nintendo;3,74 EUR;Envío gratis;desde Estados Unidos;
Super Scrabble Crucigrama (Nintendo Game Boy) Auténtico CARTUCHO-PROBADO Y FUNCIONA;5,96 EUR;+ 3,80 EUR de envío;desde Estados Unidos;
Super Scrabble (Nintendo Game Boy) Authentic/Cleaned - Original Gameboy Board;7,97 EUR;+ 9,96 EUR de envío;desde Canadá;
Gameboy Super Scrabble Game with Manual! Nintendo Game Boy.;13,30 EUR;+ 3,99 EUR de envío;desde Canadá;
Super Scrabble Manual Gameboy Gameboy Nintendo GB;3,37 EUR;Envío gratis;desde Estados Unidos;
Super Scrabble (GameBoy, solo carro);8,70 EUR;+ 2,56 EUR de envío;desde Estados Unidos;
Super Scrabble Crucigrama Juego-auténtico-Game Boy-Solo Manual!;4,31 EUR;Envío gratis;desde Estados Unidos;
Super Scrabble Gameboy Perfectas Condiciones Envío rápido;5,20 EUR;+ 3,40 EUR de envío;desde Estados Unidos;
Super Scrabble (Nintendo Game Boy) sólo folleto de instrucciones;5,11 EUR;Envío gratis;desde Estados Unidos;
Lote de 2 Nintendo Game Boy peligro & Super Scrabble Crucigrama Juego (#23);8,52 EUR;+ 2,72 EUR de envío;desde Estados Unidos;
Super Scrabble Crucigrama Juego-Game Boy-Excelente Estado * Sin Caja *;12,79 EUR;+ 4,09 EUR de envío;desde Estados Unidos;
Super Scrabble Game Boy Original GB Instruction Manual Only;3,99 EUR;+ 2,32 EUR de envío;desde Canadá;
Super Scrabble video juego Nintendo Game Boy Solo Manual;1,12 EUR;+ 3,23 EUR de envío;desde Estados Unidos;
NINTENDO GAMEBOY Lote De Cartucho De Juego Rueda de la fortuna uno Super Scrabble Gametek;21,31 EUR;+ 5,12 EUR de envío;desde Estados Unidos;
Super Scrabble-auténtico-Nintendo Game Boy Manual (coleccionista de libre de humo);2,98 EUR;Envío gratis;desde Estados Unidos;
Super Scrabble Nintendo Game Boy Folleto de instrucciones Manual Sin Juego Envió Gratis;2,98 EUR;Envío gratis;desde Estados Unidos;
Juego De Gameboy Nintendo Super Scrabble Crucigrama sólo folleto de instrucciones;8,53 EUR;+ 2,99 EUR de envío;desde Estados Unidos;
Nintendo GameBoy Game Manual: Super Scrabble Crossword Game;6,65 EUR;+ 9,70 EUR de envío;desde Canadá;
Gameboy Super Scrabble Juego Con Manual! Nintendo Game Boy.;9,37 EUR;Envío gratis;desde Estados Unidos;
Super Scrabble - Game Boy Original GB - Manual Only -;3,99 EUR;+ 9,98 EUR de envío;desde Canadá;
Lote 3 Nintendo Game Boy Foreman para Real, Super Scrabble, radar misión Con Manual;21,32 EUR;+ 3,54 EUR de envío;desde Estados Unidos;
Super Scrabble-Nintendo Juego Original Boy Gba Gbc probado Gameboy juego de palabras;4,26 EUR;+ 4,69 EUR de envío;desde Estados Unidos;
DMG-Sr-EE. UU. Super Scrabble Crucigrama Juego Nintendo Gameboy;4,26 EUR;+ 4,01 EUR de envío;desde Estados Unidos;
Hasbro Azulejo Cerradura Super Scrabble Carta De Juego De Mesa Juego De Palabras-Completo (2013);58,28 EUR;+ 26,91 EUR de envío estimado;desde Reino Unido;
