Nintendo Game Boy-Kung Fu Master-Top-Embalaje original-Pal;99,90 EUR;Envío no especificado;desde Alemania;
Kung Fu Master-Game Boy-módulo-Nintendo-Game Boy-Pal;6,99 EUR;Envío no especificado;desde Alemania;
Nintendo gb Game Boy juego Kung Fu Master-plenamente aceptar/buen estado;5,49 EUR;+ 9,60 EUR de envío;desde Alemania;
Nintendo Game Boy Game-Kung Fu Master-sólo módulo;11,99 EUR;+ 9,99 EUR de envío;desde Alemania;
Kung Fu Master (Game Boy GB 1990) Solo Cartucho;19,90 EUR;+ 12,90 EUR de envío;desde España;
Notice Nintendo GB Game Boy Kung Fu Master FAH, Bon état;10,90 EUR;+ 11,98 EUR de envío;desde Francia;
Kung Fu Master Nintendo Game Boy juego muy buen estado probado;19,99 EUR;+ 9,99 EUR de envío;desde Alemania;
Kung Fu Master Nintendo Game Boy juego muy buen estado probado;19,99 EUR;+ 9,99 EUR de envío;desde Alemania;
Nintendo Game Boy juego "Kung Fu Master" módulo;4,90 EUR;+ 38,99 EUR de envío;desde Alemania;
Gb-Kung Fu Master para Nintendo GameBoy;8,95 EUR;+ 6,50 EUR de envío;desde Alemania;
Kung Fu Master - Gameboy - Nintendo - Notice NOE;4,99 EUR;+ 3,88 EUR de envío;desde Francia;
Kung Fu Master para Nintendo Game Boy/color GBC/Advance GBA;7,99 EUR;Envío no especificado;desde Alemania;
Kung Fu Master (Nintendo Gameboy) GB juego;12,90 EUR;Envío no especificado;desde Alemania;
NINTENDO Gameboy Kung Fu Master Original- Only Manual + Game Cartridge;20,00 EUR;Envío no especificado;desde Italia;
Jeux Kung Fu Master EUR Game Boy;9,00 EUR;Envío no especificado;desde Francia;
Kung Fu Master Game Boy Gameboy cómo jugar instruction cuadernillo Noe;6,90 EUR;Envío no especificado;desde Alemania;
