NFL Quarterback Club-Nintendo Game Boy GB;23,41 EUR;+ 20,60 EUR de envío estimado;desde Reino Unido;
NFL Quarterback Club 95 Nuevo Sellado? juego Boy Color GB Juego Japón NTSC J JAP;28,02 EUR;+ 13,40 EUR de envío;desde Reino Unido;
Nuevo anuncioNFL Quarterback Club Gameboy Carro #0097;3,63 EUR;+ 33,88 EUR de envío estimado;desde Reino Unido;
Nintendo Gameboy Juego-NFL Quarterback Club;12,82 EUR;+ 16,66 EUR de envío estimado;desde Reino Unido;
Nintendo Gameboy Juego-NFL Quarterback Club;12,82 EUR;+ 16,66 EUR de envío estimado;desde Reino Unido;
Nintendo Gameboy solo manual: NFL Quarterback Club;5,22 EUR;+ 16,53 EUR de envío estimado;desde Reino Unido;
Nintendo Gameboy solo manual: NFL Quarterback Club;4,39 EUR;+ 16,51 EUR de envío estimado;desde Reino Unido;
Jeu Nintendo Game Boy NFL Quarterback Club;6,00 EUR;Envío no especificado;desde Francia;
NFL Quarterback Club 96 (Nintendo Game Boy) Original Gameboy;6,79 EUR;Envío gratis;desde Estados Unidos;
NFL Quarterback Club 96 (Nintendo Game Boy, 1995) NUEVO-golpeados Up Caja Ver Fotos;85,00 EUR;Envío gratis;desde Estados Unidos;
NFL Quarterback Club-juego BOY Juego Cartucho Solo;2,72 EUR;+ 3,78 EUR de envío;desde Estados Unidos;
NFL Quarterback Club 96 (Nintendo Game Boy) Nuevo, Sellado-VGA clasificados 80+ Casi Nuevo;339,99 EUR;Envío gratis;desde Estados Unidos;
NFL Quarterback Club 96 Juego Boy compatible con GBC & GBA Probado Funcionando;2,55 EUR;+ 1,69 EUR de envío;desde Estados Unidos;
NFL Quarterback Club Para Nintendo Game Boy-Carro Y Estuche;1,69 EUR;+ 3,61 EUR de envío;desde Estados Unidos;
1993 NFL Quarterback Club video juego ad NINTENDO SNES GAME BOY denigrado Montana;1,06 EUR;+ 3,61 EUR de envío;desde Estados Unidos;
NFL Quarterback Club 96 (Nintendo Game Boy) Auténtico;6,79 EUR;Envío gratis;desde Estados Unidos;
NFL Quarterback Club 96, Nintendo Game Boy, carro de juego solamente;2,55 EUR;+ 3,39 EUR de envío;desde Estados Unidos;
NFL Quarterback Club (Nintendo Game Boy) cartucho sólo!;5,09 EUR;+ 0,84 EUR de envío;desde Estados Unidos;
NFL Quarterback Club'96 Nintendo Game Boy *** *** Solo Manual;6,76 EUR;Envío gratis;desde Estados Unidos;
NFL Quarterback Club 96 (Original Nintendo Game Boy) Con Manual Probado;6,79 EUR;Envío gratis;desde Estados Unidos;
NFL Quarterback Club 96-Game Boy auténtico manual;2,80 EUR;+ 2,51 EUR de envío;desde Estados Unidos;
NFL Quarterback Club-Game Boy-Nintendo-auténtico Probado Funcionando! muy Bueno!;9,34 EUR;Envío gratis;desde Estados Unidos;
NFL Quarterback Club 2 ORIGINAL NINTENDO GAMEBOY probado + trabajo & Auténtico;9,34 EUR;Envío gratis;desde Estados Unidos;
NFL Quarterback Club Original NINTENDO GAMEBOY GB Juego;11,89 EUR;+ 2,71 EUR de envío;desde Estados Unidos;
NFL Quarterback Club II (Nintendo Game Boy, 1995);9,95 EUR;Envío gratis;desde Estados Unidos;
NFL Quarterback Club 96 + Nfl Football Nintendo Game Boy Juegos Originales * Probado *;8,48 EUR;Envío gratis;desde Estados Unidos;
NFL Quarterback Club probado Game Boy;5,09 EUR;Envío gratis;desde Estados Unidos;
NFL Quarterback Club II (Nintendo Game Boy, 1995) Gameboy Probado;4,24 EUR;+ 3,19 EUR de envío;desde Estados Unidos;
NFL Quarterback Club 96 GB Juego Nintendo;6,28 EUR;Envío gratis;desde Estados Unidos;
NFL Quarterback Club (Nintendo Game Boy) Sólo Cartucho-Probado Y Funcionando;5,91 EUR;+ 2,98 EUR de envío;desde Estados Unidos;
NFL Quarterback Club 96 (Nintendo Game Boy, 1995) cartucho sólo ver fotos;6,79 EUR;+ 3,61 EUR de envío;desde Estados Unidos;
NFL Quarterback Club 96 [Gameboy Color] [Solo Cartucho];6,79 EUR;Envío gratis;desde Estados Unidos;
NFL Quarterback Club Game Boy Clásico;12,75 EUR;+ 3,57 EUR de envío;desde Estados Unidos;
NFL Quarterback Club-juego BOY Juego Cartucho Solo;4,25 EUR;+ 3,57 EUR de envío;desde Estados Unidos;
NFL Quarterback Club Original NINTENDO GAMEBOY GB juego probado funciona Estuche de plástico;6,76 EUR;+ 3,40 EUR de envío;desde Estados Unidos;
NFL Quarterback Club II (Nintendo Game Boy) ** ** solo Cartucho;6,87 EUR;+ 4,18 EUR de envío;desde Estados Unidos;
NFL Quarterback Club 96 con manual de instrucciones Nintendo Game Boy Probado Funcionando;4,25 EUR;+ 3,40 EUR de envío;desde Estados Unidos;
NFL Quarterback Club (Nintendo Game Boy, 1996);