Star Wars: Yoda Stories (Nintendo Game Boy Color, 1999) Game Boy Color Auténtico;15,25 EUR;+ 3,49 EUR de envío;desde Estados Unidos;
Star Wars: Yoda Stories (Nintendo Game Boy Color, 1999) Raro, Completa Con Poster;106,50 EUR;+ 4,34 EUR de envío;desde Estados Unidos;
Star Wars: Yoda Stories (Nintendo Game Boy Color, 1999) Auténtico-Probado;10,22 EUR;+ 3,41 EUR de envío;desde Estados Unidos;
Star Wars: Yoda Stories (Nintendo Game Boy Color, 1999);11,07 EUR;+ 3,62 EUR de envío;desde Estados Unidos;
Star Wars: Yoda Stories (Nintendo Game Boy Color, 1999) con la Caja Original Y Manual;102,23 EUR;+ 4,22 EUR de envío;desde Estados Unidos;
Star Wars: Yoda Stories (Nintendo Game Boy Color, 1999) Auténtico-Probado;21,96 EUR;Envío gratis;desde Estados Unidos;
Nuevo anuncioStar Wars: Yoda Stories (Nintendo Game Boy Color, 1999) Game Boy Color Auténtico;21,30 EUR;+ 3,49 EUR de envío;desde Estados Unidos;
Star Wars: Yoda Stories (Nintendo Game Boy Color, 1999) Raro, Completa Con Poster;298,19 EUR;Envío gratis;desde Estados Unidos;
Star Wars: Yoda Stories (Nintendo Game Boy Color, 1999) Auténtico-probado en muy buena condición!;13,62 EUR;+ 3,40 EUR de envío;desde Estados Unidos;
Star Wars: Yoda Stories (Nintendo Game Boy Color, 1999) Cartucho Auténtico;21,29 EUR;Envío gratis;desde Estados Unidos;
Yoda Stories Nintendo Gameboy Game Boy Color cartouche thq LucasArts EUR eng;17,00 EUR;+ 12,96 EUR de envío;desde Francia;
Star Wars: Yoda Stories (Nintendo Game Boy Color, 1999) cartucho sólo Etiqueta DMG;15,85 EUR;Envío gratis;desde Estados Unidos;
Star Wars Yoda Stories (Nintendo Gameboy Color) Nuevo Sellado De Fábrica;306,71 EUR;+ 3,48 EUR de envío;desde Estados Unidos;
Star Wars: Yoda Stories (Nintendo Game Boy Color, 1999) Bolsillo GB GBC GBA Raro;17,04 EUR;+ 2,97 EUR de envío;desde Estados Unidos;
Star Wars: Yoda Stories (Nintendo Game Boy Color, 1999) Authentic - Tested;13,35 EUR;+ 13,78 EUR de envío;desde Canadá;
Star Wars: Yoda Stories - Nintendo Gameboy - Cartridge Only - Works;23,98 EUR;+ 2,67 EUR de envío;desde Canadá;
Star Wars Yoda Stories Nintendo Gameboy Original Game Oz334;37,15 EUR;+ 16,73 EUR de envío;desde Australia;
Star Wars: Yoda Stories (Nintendo Game Boy Color, 1999) folleto de instrucciones!;25,55 EUR;Envío gratis;desde Estados Unidos;
Game Boy Color GBC Game CASE ONLY - Star Wars Yoda Stories (AU);8,64 EUR;+ 17,04 EUR de envío;desde Australia;
Star Wars: Yoda Stories (Nintendo Game Boy Color, 1999) Auténtico-Probado;22,14 EUR;Envío gratis;desde Estados Unidos;
