Judge Dredd Juego Boy CIB Raro #0018;70,22 EUR;+ 26,54 EUR de envío estimado;desde Reino Unido;
Judge Dredd Game Boy juego con embalaje original y guía;99,99 EUR;+ 8,00 EUR de envío;desde Alemania;
Judge Dredd Nintendo Game Boy Color Advance Juego Solo Carro Genuino;12,83 EUR;+ 7,03 EUR de envío;desde Reino Unido;
Judge Dredd Nintendo Game Boy Juego Suelto Cartucho sólo * Probado * EUR miedo;8,19 EUR;+ 18,92 EUR de envío estimado;desde Reino Unido;
Judge Dredd für Gameboy;9,99 EUR;+ 15,10 EUR de envío;desde Austria;
Judge Dredd für Gameboy;9,99 EUR;+ 15,10 EUR de envío;desde Austria;
Judge Dredd Nintendo Game Boy Juego Suelto Cartucho sólo * Probado * EUR;7,02 EUR;+ 18,79 EUR de envío estimado;desde Reino Unido;
Nintendo Game Boy  Judge Dredd  GameBoy  Vers. EUR  voir descriptif;16,90 EUR;Envío no especificado;desde Francia;
Judge Dredd Aklaim Nintendo Game Boy gb GBP GBC GBA;11,99 EUR;Envío no especificado;desde Alemania;
Nintendo Game Boy  Judge Dredd  GameBoy  Vers. EUR;21,90 EUR;Envío no especificado;desde Francia;
Judge Dredd (Nintendo Game Boy, 1995) - European Version;13,50 EUR;Envío no especificado;desde Irlanda;
Judge Dredd (Nintendo Game Boy): Probado Y Envío Gratis!;13,63 EUR;Envío gratis;desde Estados Unidos;
Judge Dredd Para Nintendo Game Boy;9,36 EUR;+ 3,79 EUR de envío;desde Estados Unidos;
Auténtico Judge Dredd (Nintendo GameBoy, 1995) liberado & Probado;11,08 EUR;+ 2,56 EUR de envío;desde Estados Unidos;
Judge Dredd (Nintendo Game Boy, 1995);11,08 EUR;+ 3,79 EUR de envío;desde Estados Unidos;
Judge Dredd Juego Boy Aklaim Nuevo Sellado De Fábrica;1.254,58 EUR;Envío internacional gratis;desde Japón;
Judge Dredd Con Manual Nintendo Game Boy Original * más difícil encontrar *;21,27 EUR;Envío gratis;desde Estados Unidos;
Judge Dredd (Nintendo Gameboy Game Boy)-Cart Only ;20,03 EUR;+ 4,01 EUR de envío;desde Canadá;
Judge Dredd Nintendo Gameboy;8,02 EUR;Envío no especificado;desde Canadá;
Anuncio de promo de 1995 a todo color para Judge Dredd Snes Sega Genesis Game Boy Juegos De Video;2,55 EUR;+ 3,62 EUR de envío;desde Estados Unidos;
Gameboy Judge Dredd Solo Manual En Buen Estado;11,07 EUR;+ 2,72 EUR de envío;desde Estados Unidos;
Indy HeroClix 2003 Hell Boy Judge Dredd Witchblade Game Toy PROMO Poster VF;9,35 EUR;+ 8,02 EUR de envío;desde Canadá;
Pre-owned Judge Dredd Para Nintendo Game Boy;17,03 EUR;Envío gratis;desde Estados Unidos;
Judge Dredd Nintendo Game Boy FRIDGE MAGNET;2,18 EUR;+ 2,51 EUR de envío;desde España;
Judge Dredd: Dredd vs la muerte de Vídeo Juego Para Sony PlayStation PS2 Pal probado;9,36 EUR;+ 16,61 EUR de envío estimado;desde Reino Unido;
Judge Dredd SEGA GENESIS juego de NTSC Completa Con Manual Gratis P&P;29,27 EUR;+ 16,97 EUR de envío estimado;desde Reino Unido;
Judge Dredd Sega Game Gear Juego con Estuche de plástico-en muy buena condición Probado;29,27 EUR;+ 16,97 EUR de envío estimado;desde Reino Unido;
Judge Dredd Sega Mega Drive Juego en Caja No manual Pal Libre P&P;35,13 EUR;+ 17,08 EUR de envío estimado;desde Reino Unido;
Judge Dredd: Dredd vs Death PLAYSTATION 2 PS2 Pal En Caja No Manual Del Juego Gratis P&P;7,02 EUR;+ 16,56 EUR de envío estimado;desde Reino Unido;
Judge Dredd Juego Nintendo NTSC nos SNES Super Nintendo-solo Carro-Libre P&P;35,13 EUR;+ 17,08 EUR de envío estimado;desde Reino Unido;
Judge Dredd PS1 Juego Nuevo Sellado Black Label Zoo Classics Sony PlayStation PAL;29,27 EUR;+ 16,97 EUR de envío estimado;desde Reino Unido;
PC CD-ROM-Game Gallery Vol. 1-Judge Dredd Pinball/1998 NBG _ swing CD 10;3,20 EUR;+ 7,35 EUR de envío;desde Alemania;
Judge Dredd: Dredd vs Death (Sony PlayStation 2, 2003) COMPLETA Juego PS2 Manual;11,70 EUR;+ 16,66 EUR de envío estimado;desde Reino Unido;
Judge Dredd-Dredd vs Death [video game];21,95 EUR;+ 7,50 EUR de envío;desde Alemania;
Judge Dredd-SNES Super Nintendo Juego-Reino Unido PAL COMPLETO EN CAJA RARO;64,42 EUR;+ 22,34 EUR de envío estimado;desde Reino Unido;
Commodore 64/C64: Judge Dredd-juego de cinta-con instrucciones - 1986;21,08 EUR;+ 16,82 EUR de envío estimado;desde Reino Unido;
Judge Dredd de Vídeo Juego Para Sony PlayStation PS1 ~ PAL ~;11,65 EUR;+ 18,99 EUR de envío estimado;desde Reino Unido;
Judge Dredd für Gameboy;9,99 EUR;+ 15,10 EUR de envío;desde Austria;
Judge Dredd für Gameboy;9,99 EUR;+ 15,10 EUR de envío;desde Austria;
Judge Dredd-PS1 Playstation 1 juego Zoo Classics versión sin Manual Disco Gran;11,70 EUR;+ 16,66 EUR de envío estimado;desde Reino Unido;
Judge Dredd PlayStation PS1 PSX En Caja Con Manual PAL juego UK;15,92 EUR;+ 16,73 EUR de envío estimado;desde Reino Unido;
Sega Mega Drive Genesis Judge Dredd módulo Game;25,90 EUR;+ 18,00 EUR de envío;desde Alemania;
PS1 Judge Dredd-Zoo Classics-Black Label-Juego Sony Playstation;11,68 EUR;+ 18,15 EUR de envío;desde Reino Unido;
Judge Dredd Juego De Mesa-Conjunto de expansión juez Anderson;21,07 EUR;+ 35,90 EUR de envío estimado;desde Reino Unido;
Judge Dredd: Dredd Vs. la muerte (PC, 2005) - disparar 'Em Up juego 2000ad;11,70 EUR;+ 16,66 EUR de envío estimado;desde Reino Unido;
Judge Dredd Nintendo Game Boy Juego Suelto Cartucho sólo * Probado * EUR;7,02 EUR;+ 18,79 EUR de envío estimado;desde Reino Unido;
Judge Dredd Sega Megadrive Sega Genesis Juego;175,69 EUR;+ 6,66 EUR de envío;desde Reino Unido;
Judge Dredd Sony Playstation 1 juego PS1;9,94 EUR;+ 21,08 EUR de envío;desde Reino Unido;
Judge Dredd: Dredd vs Death Nintendo Gamecube Wii juego vendedor del Reino Unido;9,35 EUR;+ 16,61 EUR de envío estimado;desde Reino Unido;
Judge Dredd: Dredd vs Death (PC),, usada; Buen Juego;2,81 EUR;+ 2,16 EUR de envío;desde Reino Unido;
7 X Juego PS2 Bundle-Crazy Taxi Colin McRae Judge Dredd Sonic Killzone invocador;15,21 EUR;+ 25,53 EUR de envío estimado;desde Reino Unido;
Sega Mega Drive juego Judge Dredd En Caja 1995 PAL MEGADRIVE;19,90 EUR;+ 20,54 EUR de envío estimado;desde Reino Unido;
Judge Dredd Juego De Mesa-Conjunto de expansión de la pandilla bloque;26,34 EUR;+ 35,99 EUR de envío estimado;desde Reino Unido;
Judge Dredd: Dredd vs Death (PC), , Used; Very Good Game;4,55 EUR;+ 3,00 EUR de envío;desde Reino Unido;
Judge Dredd: Dredd vs Death (PC), , Used; Very Good Game;4,45 EUR;+ 3,00 EUR de envío;desde Reino Unido;
Judge Dredd: Dredd vs Death (PC), , Used; Very Good Game;4,57 EUR;+ 3,00 EUR de envío;desde Reino Unido;
Judge Dredd Juego De Mesa-Starter Set;60,07 EUR;+ 36,61 EUR de envío estimado;desde Reino Unido;
Judge Dredd Juego De Mesa-Conjunto de expansión de Liga de Gorditos;26,34 EUR;+ 35,99 EUR de envío estimado;desde Reino Unido;
Judge Dredd SEGA GENESIS juego de NTSC Completa Con Manual Gratis P&P;17,57 EUR;+ 20,86 EUR de envío estimado;desde Reino Unido;
Judge Dredd Playstation 1 juego ps1 probado y funcionando Reino Unido PAL;8,19 EUR;+ 16,58 EUR de envío estimado;desde Reino Unido;
