** Elevator Action ** GBC Game Boy Color-Nintendo-Arcade hit-cib pal OVP;139,00 EUR;+ 25,00 EUR de envío;desde Alemania;
Elevator Action - NOE - Nintendo Gameboy;109,00 EUR;+ 25,00 EUR de envío;desde Países Bajos;
Elevator Action - NOE - Nintendo Gameboy;13,00 EUR;+ 25,00 EUR de envío;desde Países Bajos;
Elevator Action old & New GBA Nintendo Game Boy Advance jp New!!!;1.450,00 EUR;+ 33,00 EUR de envío;desde Suiza;
Nintendo Gameboy juego-Elevator Action-Embalaje original-Top-Pal;259,90 EUR;Envío no especificado;desde Alemania;
Elevator Action - Nintendo GameBoy Color - GBC;62,95 EUR;+ 19,95 EUR de envío;desde Países Bajos;
Elevator Action Nintendo Gameboy juego Game Boy ascensor bien;22,90 EUR;Envío no especificado;desde Alemania;
Elevator Action, japón Import (Nintendo Gameboy) GB juego;55,45 EUR;Envío no especificado;desde Alemania;
Elevator Action originale Per Nintendo game Boy 1989 SOLO CARTUCCIA;24,90 EUR;Envío no especificado;desde Italia;
Elevator Action Gameboy Classic cómo jugar instruction cuadernillo Noe;6,90 EUR;Envío no especificado;desde Alemania;
