Conker's Pocket Tales NINTENDO GAMEBOY COLOR Color Juego Original * Carro * Probado;10,46 EUR;+ 16,52 EUR de envío estimado;desde Reino Unido;
Gameboy Color Game: Conker's Pocket Tales (NEW) [NEU4] --RARE--;69,95 EUR;+ 25,00 EUR de envío;desde Países Bajos;
Nintendo Game Boy Color Conker's Pocket Tales EUR Très Bon état;9,90 EUR;+ 11,98 EUR de envío;desde Francia;
Conker's Pocket Tales Nintendo Game Boy Color limpiado probado auténtico Gameboy!;12,79 EUR;+ 15,35 EUR de envío;desde Italia;
★☆☆ Nintendo Gameboy Color - Conker's Pocket Tales ☆☆★;7,95 EUR;+ 11,95 EUR de envío;desde Países Bajos;
Conker's Pocket Tales Nintendo Gameboy Color PAL Original Cartucho Cartridge;14,00 EUR;+ 37,00 EUR de envío;desde España;
Conker's Pocket Tales - Manual NEU6 - Gameboy Color;2,75 EUR;+ 20,00 EUR de envío;desde Países Bajos;
Conker's Pocket Tales-Juego Boy Color;11,06 EUR;+ 2,52 EUR de envío;desde Estados Unidos;
Conker's Pocket Tales (Nintendo Game Boy Color, 1999) juego + Manual + Estuche/Cubierta De Arte;42,64 EUR;+ 2,72 EUR de envío;desde Estados Unidos;
Conker's Pocket Tales (Nintendo Game Boy Color, 1999) Auténtico probado!;14,50 EUR;+ 3,41 EUR de envío;desde Estados Unidos;
Conker's Pocket Tales (Nintendo Game Boy Color, 1999) Sólo Cartucho;17,05 EUR;+ 3,54 EUR de envío;desde Estados Unidos;
Conker's Pocket Tales Nintendo Game Boy Color Works 1999 cartucho de juego de video;17,05 EUR;Envío gratis;desde Estados Unidos;
Conker's Pocket Tales Nintendo Game Boy Color 100% Auténtico;12,75 EUR;+ 5,12 EUR de envío;desde Estados Unidos;
Conker's Pocket Tales (Nintendo Game Boy Color GBC) cartucho sólo!;13,64 EUR;+ 0,84 EUR de envío;desde Estados Unidos;
Conker's Pocket Tales Vga 80+ - Nintendo Game Boy Color Colour-Gameboy Blister;698,17 EUR;+ 0,01 EUR de envío;desde Australia;
Conker's Pocket Tales (Nintendo Game Boy Color, 1999) - Cartucho únicamente;21,32 EUR;Envío gratis;desde Estados Unidos;
Conker's Pocket Tales (Nintendo Game Boy Color) solo carro, auténtico, Probado;17,05 EUR;+ 3,41 EUR de envío;desde Estados Unidos;
Conker's Pocket Tales (Nintendo Game Boy Color, 1999) Original!!! auténtico!!! Leer;14,42 EUR;+ 4,18 EUR de envío;desde Estados Unidos;
Conker's Pocket Tales (Nintendo Game Boy Color, 1999);15,35 EUR;+ 3,58 EUR de envío;desde Estados Unidos;
Conker's Pocket Tales (Nintendo Game Boy Color, 1999) Raro GBC auténtico Probado;18,76 EUR;Envío gratis;desde Estados Unidos;
Conker's Pocket Tales (Nintendo Game Boy Color, 1999) Original!!! auténtico!!!;17,05 EUR;Envío gratis;desde Estados Unidos;
Conker's Pocket Tales Nintendo GameBoy Color Juego Y Manual sólo ~ probado y de trabajo;32,40 EUR;Envío gratis;desde Estados Unidos;
Conker's Pocket Tales (Nintendo Game Boy Color, 1999)! probado funciona! nave RÁPIDA!;13,21 EUR;Envío gratis;desde Estados Unidos;
Conker's Pocket Tales (Nintendo Game Boy Color, 1999);13,77 EUR;Envío gratis;desde Estados Unidos;
Conker's Pocket Tales auténtico Nintendo Gameboy Color Juego De Trabajo Vintage;11,94 EUR;+ 3,54 EUR de envío;desde Estados Unidos;
Conker's Pocket Tales (Nintendo Game Boy Color, 1999);16,61 EUR;+ 1,32 EUR de envío;desde Canadá;
Conker's Pocket Tales (Nintendo GameBoy Color, 1999) autentica * Juego Solo * probado!;14,41 EUR;+ 3,84 EUR de envío;desde Estados Unidos;
Conker's Pocket Tales auténtico Nintendo Gameboy Color Juego De Trabajo Vintage;13,64 EUR;+ 4,44 EUR de envío;desde Estados Unidos;
Conker's Pocket Tales (Nintendo Game Boy Color, 1999) game only FAST SHIP!;13,28 EUR;+ 12,41 EUR de envío;desde Canadá;
Conker's Pocket Tales-Original Nintendo GameBoy Color Juego;18,76 EUR;+ 2,52 EUR de envío;desde Estados Unidos;
Conker's Pocket Tales (Nintendo Game Boy Color, probado 1999) -! Excelente Estado!;21,32 EUR;Envío gratis;desde Estados Unidos;
Conker's Pocket Tales 1999 auténtico Nintendo Gameboy Color Con Manual Probado;25,58 EUR;+ 4,18 EUR de envío;desde Estados Unidos;
Conker's Pocket Tales (Nintendo Game Boy Color 1999) Auténtico CARTUCHO-PROBADO;21,31 EUR;+ 3,80 EUR de envío;desde Estados Unidos;
Conker's Pocket Tales-Game Boy Colour-Versión Europa-Cartucho Pila Nueva;29,49 EUR;+ 2,98 EUR de envío;desde España;
Conker's Pocket Tales auténtico Nintendo Gameboy Color Juego De Trabajo Vintage;18,76 EUR;+ 2,72 EUR de envío;desde Estados Unidos;
Conker's Pocket Tales Manual Nintendo Gameboy Color GBC Game Boy Original;8,49 EUR;+ 3,80 EUR de envío;desde Estados Unidos;
Conker's Pocket Tales Manual Nintendo Gameboy Color GBC Game Boy Original;12,75 EUR;Envío gratis;desde Estados Unidos;
1999 Conker's Pocket Tales Game Boy Vintage Mini Cartel Promo/AD página Enmarcado;34,11 EUR;+ 14,49 EUR de envío;desde Alemania;
