Nuevo anuncioChicken Run-Nintendo GAME BOY Color Juego ~ GBC ~ GBA Advance SP-Original;4,67 EUR;+Â 11,70 EUR de envÃ­o;desde Reino Unido;
Nintendo Game Boy Color juego Chicken Run con embalaje original y guÃ­a EUR;39,90 EUR;+Â 8,99 EUR de envÃ­o;desde Alemania;
NINTENDO GAME BOY COLOR GBC Chicken Run Cartucho europeo;4,25 EUR;+Â 8,51 EUR de envÃ­o;desde Grecia;
Nintendo Game Boy Color Chicken Run EUR TrÃ¨s Bon Ã©tat;5,90 EUR;+Â 11,98 EUR de envÃ­o;desde Francia;
Chicken Run ğŸŒŸ ğŸŒŸ NINTENDO GAME BOY ğŸŒŸ COLOR ğŸŒŸ SP ğŸŒŸ GBA ğŸŒŸ UK ğŸ‡¬ ğŸ‡§ vendedor ğŸŒŸ ğŸŒŸ EnvÃ­o rÃ¡pido;9,31 EUR;+Â 8,07 EUR de envÃ­o;desde Reino Unido;
Nintendo Gameboy Color-Sabrina, Harry Potter, V-RALLY & Chicken Run;17,51 EUR;+ 16,76 EUR de envÃ­o estimado;desde Reino Unido;
Chicken Run - Nintendo GameBoy Color - GBC;16,16 EUR;+Â 19,95 EUR de envÃ­o;desde PaÃ­ses Bajos;
Chicken Run Nintendo Gameboy Color Juego;9,36 EUR;+ 18,40 EUR de envÃ­o estimado;desde Reino Unido;
Chicken Run Nintendo Gameboy Color Juego;4,69 EUR;+ 18,86 EUR de envÃ­o estimado;desde Reino Unido;
Nintendo Game Boy Color - Chicken Run - PAL - EUR;4,99 EUR;+Â 4,60 EUR de envÃ­o;desde Francia;
Nintendo Gameboy Color-Dinosaurio 102 DÃ¡lmatas Harry Potter Chicken Run;15,17 EUR;+ 16,71 EUR de envÃ­o estimado;desde Reino Unido;
Chicken Run Dreamcast PS1 PSX Game Boy Color anuncio Cartel Promo Vintage arte enmarcado;34,07 EUR;+Â 14,48 EUR de envÃ­o;desde Alemania;
Chicken Run sur Game Boy Color GBC10;4,90 EUR;+Â 4,90 EUR de envÃ­o;desde Francia;
Chicken Run Juego para Nintendo Gameboy Color;5,86 EUR;+ 18,31 EUR de envÃ­o estimado;desde Reino Unido;
Chicken Run Game Boy Color Nintendo;51,90 EUR;+Â 25,00 EUR de envÃ­o;desde Francia;
Nintendo GameBoy Color Cartucho De Juego Chicken Run;10,53 EUR;EnvÃ­o internacional gratis;desde Alemania;
Chicken Run Gameboy Colour Juego Sin Probar;4,67 EUR;+ 16,53 EUR de envÃ­o estimado;desde Reino Unido;
Nintendo GameBoy Color gioco - Chicken Run cartuccia usato;16,99 EUR;EnvÃ­o internacional gratis;desde Alemania;
Nintendo GameBoy Color jeu - Chicken Run cartouche utilisÃ©;14,99 EUR;EnvÃ­o internacional gratis;desde Alemania;
Chicken Run ** oficial Gameboy Colour Cartucho;6,15 EUR;+ 16,55 EUR de envÃ­o estimado;desde Reino Unido;
Gameboy Color juego-Chicken Run (mÃ³dulo) 10822012;6,98 EUR;+Â 67,99 EUR de envÃ­o;desde Alemania;
Chicken Run - Game Boy Color;29,90 EUR;EnvÃ­o no especificado;desde Francia;
Chicken Run gameboy color Game Boy juegos rayo GBC envÃ­o bien mÃ³dulo;8,90 EUR;EnvÃ­o no especificado;desde Alemania;
Chicken Run (Game Boy Color);5,84 EUR;EnvÃ­o no especificado;desde Reino Unido;
Nintendo GameBoy Color game - Chicken Run cartridge;10,68 EUR;EnvÃ­o internacional gratis;desde Alemania;
Nintendo GameBoy Color Cartucho De Juego Chicken Run;11,07 EUR;EnvÃ­o internacional gratis;desde Alemania;
Nintendo GameBoy Color juego - Chicken Run cartucho usado;16,99 EUR;EnvÃ­o internacional gratis;desde Alemania;
