Nintendo Game Boy Advance Tetris Worlds con embalaje original y gu√≠a EUR;24,90 EUR;+¬†8,99 EUR de env√≠o;desde Alemania;
Nintendo Game Chico: Tetris (DMG-Tra) (JAP Importaci√≥n) - Libre P&P;11,65 EUR;+ 16,58 EUR de env√≠o estimado;desde Reino Unido;
Nintendo Game Boy Classic juego Tetris 2 con embalaje original y gu√≠a Noe;59,90 EUR;+¬†8,99 EUR de env√≠o;desde Alemania;
Nintendo Game Boy Color juego Tetris DX con embalaje original y gu√≠a EUR;39,90 EUR;+¬†8,99 EUR de env√≠o;desde Alemania;
Tetris - NINTENDO GAME BOY ;8,90 EUR;+¬†5,50 EUR de env√≠o;desde Francia;
Nintendo-Game Boy-Tetris-Top-Embalaje original-Pal;379,90 EUR;Env√≠o no especificado;desde Alemania;
Nintendo Game Boy üíé Tetris 2 üíé juego sin caja üíé;8,10 EUR;+¬†23,26 EUR de env√≠o;desde Reino Unido;
Nintendo Game Boy üíé Tetris Blast üíé juego sin caja üíé;8,10 EUR;+¬†23,26 EUR de env√≠o;desde Reino Unido;
Tetris Blast Nintendo Gameboy Game Boy Juego Carro Seminuevo;9,33 EUR;+ 16,53 EUR de env√≠o estimado;desde Reino Unido;
Cartucho De Juego Tetris Nintendo Gameboy dmg-TR-UKV vendedor del Reino Unido;11,65 EUR;+ 16,58 EUR de env√≠o estimado;desde Reino Unido;
Tetris Dx Nintendo Game Boy Color Bolsillo DMG Nueva Bater√≠a probada GameBoy;13,98 EUR;+ 16,61 EUR de env√≠o estimado;desde Reino Unido;
Nintendo Game Boy Classic juego Tetris 2 con embalaje original y gu√≠a ukv;49,90 EUR;+¬†8,99 EUR de env√≠o;desde Alemania;
Tetris Dx Nintendo Game Boy Color Bolsillo DMG Nueva Bater√≠a probada GameBoy;13,70 EUR;+ 16,61 EUR de env√≠o estimado;desde Reino Unido;
Tetris Blast Gameboy CIB Raro #0019;69,89 EUR;+ 26,42 EUR de env√≠o estimado;desde Reino Unido;
Console Tetris version GPS / Portuguese -  Nintendo Gameboy Game Boy GB ;150,00 EUR;+¬†18,90 EUR de env√≠o;desde Francia;
Gameboy-Tetris [DMG] * en Caja/Manual *;141,66 EUR;+ 23,03 EUR de env√≠o estimado;desde Reino Unido;
Gameboy * Tetris tsushin cable set * DMG-entr√≥ jpn cib rare Nintendo Game Boy;2.333,00 EUR;Env√≠o internacional gratis;desde Alemania;
Tetris Nintendo GameBoy solo carro juego Boy Probado;11,65 EUR;+ 16,58 EUR de env√≠o estimado;desde Reino Unido;
Tetris - NINTENDO GAME BOY ;7,90 EUR;+¬†5,50 EUR de env√≠o;desde Francia;
Tetris Nintendo Gameboy solo carro PAL;11,65 EUR;+ 16,58 EUR de env√≠o estimado;desde Reino Unido;
Tetris Nintendo Game Boy Suelto cartucho s√≥lo;11,65 EUR;+ 16,58 EUR de env√≠o estimado;desde Reino Unido;
9 Nintendo Game Boy juegos colecci√≥n gb s√≥lo m√≥dulos Tetris Attack Dr. mario Yoshi;99,90 EUR;+¬†4,90 EUR de env√≠o;desde Alemania;
Tetris Nintendo Gameboy Cartucho De Juego Original;11,66 EUR;+¬†23,32 EUR de env√≠o;desde Reino Unido;
Gameboy Tetris Cartucho De Juego;8,74 EUR;+ 17,64 EUR de env√≠o estimado;desde Reino Unido;
Nintendo Game Boy Advance GBA/SP juegos m√≥dulos los pitufos Tetris hugo EUR;7,90 EUR a 14,90 EUR;+¬†8,99 EUR de env√≠o;desde Alemania;
Retro Vintage Tetris Nintendo Gameboy dmg Cartucho De Juego-TR-UKV;12,81 EUR;+ 16,60 EUR de env√≠o estimado;desde Reino Unido;
Tetris 2 NINTENDO GAME BOY Cl√°sico Juego Cartucho Solo;7,57 EUR;+ 18,82 EUR de env√≠o estimado;desde Reino Unido;
Original Genuino NINTENDO GAMEBOY Juego ** ** Tetris;17,43 EUR;+ 16,68 EUR de env√≠o estimado;desde Reino Unido;
Tetris Game Boy Nintendo JP Import;4,99 EUR;+¬†18,50 EUR de env√≠o;desde Espa√±a;
Pokemon De Panepon Game Boy Color GBC Japan Ver. Tetris 2000 Nintendo CGB-P-BPNJ;25,07 EUR;+¬†7,00 EUR de env√≠o;desde Francia;
Tetris Blast Nintendo Gameboy Game Boy Juego solo carro;10,48 EUR;+ 21,25 EUR de env√≠o estimado;desde Reino Unido;
Nintendo Game Boy Tetris;11,65 EUR;+ 19,44 EUR de env√≠o estimado;desde Reino Unido;
Nintendo Gameboy Tetris Plus en Caja Con Manual;46,62 EUR;+ 17,21 EUR de env√≠o estimado;desde Reino Unido;
3X Tetris Nintendo Gameboy & Cartucho De Juego casos de Juegos Todo Original;23,32 EUR;+ 20,87 EUR de env√≠o estimado;desde Reino Unido;
Nintendo Game Boy Advance/SP juego Tetris Worlds con embalaje original y gu√≠a EUR;29,90 EUR;+¬†8,99 EUR de env√≠o;desde Alemania;
Nintendo Game Boy Classic juego Tetris m√≥dulo fah;11,90 EUR;+¬†8,99 EUR de env√≠o;desde Alemania;
Tetris Para Nintendo Gameboy-Cartucho √∫nicamente (importado de Jap√≥n);10,43 EUR;+ 16,56 EUR de env√≠o estimado;desde Reino Unido;
Nintendo Game Boy Tetris (3);11,65 EUR;+ 19,44 EUR de env√≠o estimado;desde Reino Unido;
Nintendo Game Boy Tetris Juego PAL CARTUCHO s√≥lo;9,32 EUR;+ 18,85 EUR de env√≠o estimado;desde Reino Unido;
Nintendo Game Boy Tetris (2);11,65 EUR;+ 19,44 EUR de env√≠o estimado;desde Reino Unido;
Tetris (Game Boy GB 1989) Solo Cartucho;12,90 EUR;+¬†9,90 EUR de env√≠o;desde Espa√±a;
Tetris Attack Nintendo Game Boy Color Advance Juego Completo En Caja Original Raro;69,89 EUR;+ 26,42 EUR de env√≠o estimado;desde Reino Unido;
Japon√©s Nintendo Gameboy-DMG-Tra-Tetris;9,91 EUR;+ 16,54 EUR de env√≠o estimado;desde Reino Unido;
NINTENDO GAME BOY-Tetris Blast (en Caja);34,92 EUR;+¬†12,77 EUR de env√≠o;desde Reino Unido;
Japon√©s Nintendo Gameboy-DMG-Tra-Tetris;10,43 EUR;+ 16,56 EUR de env√≠o estimado;desde Reino Unido;
Tetris Flash NTSC-J jp jap Game Boy gb 1993 DMG-EHj;11,99 EUR;+¬†7,99 EUR de env√≠o;desde Alemania;
Nintendo Game Boy Tetris (solo Cartucho) Gratis Reino Unido P&p;13,93 EUR;+ 16,61 EUR de env√≠o estimado;desde Reino Unido;
NINTENDO GAME BOY-Tetris Attack (en Caja);46,58 EUR;Env√≠o internacional gratis;desde Reino Unido;
Jeu vid√©o cartouche Nintendo Game Boy Tetris + √©tui plastique;15,00 EUR;+¬†6,90 EUR de env√≠o;desde Francia;
Tetris-Nintendo Gameboy;9,30 EUR;Env√≠o no especificado;desde Reino Unido;
Tetris Attack Para Nintendo Game Boy Con Estuche Oficial;20,97 EUR;+ 16,74 EUR de env√≠o estimado;desde Reino Unido;
