Retro Tetris Gameboy jugables teléfono caso cubierta para iPhone 12 11 X XS Max XR 8 7;7,78 EUR a 7,89 EUR;+ 16,48 EUR de envío estimado;Vendidos  21 sep 2021Artículo vendido;desde Reino Unido;
Pokemon espada y escudo brillante 6IV Gameboy! Mewtwo! Max EV 6IV!! totalmente Nuevo!;1,73 EUR;Envío internacional gratis;Vendidos  20 sep 2021Artículo vendido;desde Reino Unido;
Bomberman Max : Blue Champion Version - Jeu Game Boy Color GBC JAP Japan ;4,42 EUR;Envío no especificado;Vendidos  20 sep 2021Artículo vendido;desde Francia;
Retro Tetris Gameboy jugables teléfono caso cubierta para iPhone XR XS Max Plus 8 X 7 6;8,13 EUR;+ 16,48 EUR de envío estimado;Vendidos  20 sep 2021Artículo vendido;desde Reino Unido;
Rosa Tetris Gameboy jugables teléfono caso cubierta para iPhone XR XS Max Plus 8 X 7 6;8,13 EUR;+ 16,48 EUR de envío estimado;Vendidos  17 sep 2021Artículo vendido;desde Reino Unido;
Blanco Tetris Gameboy jugables teléfono caso cubierta para iPhone XR XS Max Plus 8 X 7 6;8,13 EUR;+ 16,48 EUR de envío estimado;Vendidos  16 sep 2021Artículo vendido;desde Reino Unido;
Nintendo Game Boy Advance GBA - Bomberman Max 2 : Blue Advance - PAL - USA;12,99 EUR;+ 5,00 EUR de envío;Vendidos  10 sep 2021Artículo vendido;desde Francia;
Action Replay Max Nintendo DS Lite/ Game Boy Advance;50,00 EUR;Envío no especificado;Vendidos  8 sep 2021Artículo vendido;desde Francia;
Nintendo Game Boy Light Max | Gameboy Classic luz lupa-buen estado;19,99 EUR;Envío no especificado;Vendidos  5 sep 2021Artículo vendido;desde Alemania;
Monster Max Game Boy FAH ;14,00 EUR;Envío internacional gratis;Vendidos  5 sep 2021Artículo vendido;desde Francia;
Nintendo Gameboy Monster Max en caja completa en muy buena condición;58,17 EUR;+ 17,38 EUR de envío estimado;Vendidos  2 sep 2021Artículo vendido;desde Reino Unido;
Max Payne 1 & 2 la caída de Max Payne ps2 juego 15+ chicos Shooter;5,81 EUR;+ 19,25 EUR de envío estimado;Vendidos  2 sep 2021Artículo vendido;desde Reino Unido;
Nintendo Game Boy Monster Max   GameBoy  Vers. FAH;13,00 EUR;Envío no especificado;Vendidos  1 sep 2021Artículo vendido;desde Francia;
Gameboy Monater Max;139,58 EUR;+ 27,64 EUR de envío estimado;Vendidos  31 ago 2021Artículo vendido;desde Reino Unido;
Nintendo Game Boy Juego Max Manual Raro Gameboy Genuino ningún monstruo Infogames;39,51 EUR;+ 10,47 EUR de envío;Vendidos  12 ago 2021Artículo vendido;desde Reino Unido;
POWKIDDY RGB10 Max Reino Unido RK3326 Retro De mano Consola De Juegos 64GB Gameboy Linux abierto;158,25 EUR;+ 17,45 EUR de envío;Vendidos  12 ago 2021Artículo vendido;desde Reino Unido;
Max Payne Advance GBA Nintendo Game Boy Advance juego completo con embalaje original & instrucciones;49,99 EUR;+ 8,00 EUR de envío;Vendidos  7 ago 2021Artículo vendido;desde Alemania;
Acción Replay Max Advance Nintendo Gameboy Advance Sp Cheat Cartucho gba;87,27 EUR;+ 51,23 EUR de envío estimado;Vendidos  31 jul 2021Artículo vendido;desde Reino Unido;
Bomberman Max 2 Azul Para Nintendo Gameboy Advance GBA en Caja;23,21 EUR;+ 16,76 EUR de envío estimado;Vendidos  30 jul 2021Artículo vendido;desde Reino Unido;
Pokemon espada y escudo brillante 6IV Gameboy! Mewtwo! Max EV 6IV!! totalmente Nuevo!;1,73 EUR;Envío internacional gratis;Vendidos  22 jul 2021Artículo vendido;desde Reino Unido;
Nintendo Gameboy Classic Monster Max-Módulo de juego;12,49 EUR;+ 2,50 EUR de envío;Vendidos  19 jul 2021Artículo vendido;desde Alemania;
Nintendo Gameboy Advance GBA-bomberman Max 2 Azul;10,43 EUR;+ 16,52 EUR de envío estimado;Vendidos  14 jul 2021Artículo vendido;desde Reino Unido;
Acción Replay Max Duo-Gameboy Advance SP DS Lite Raro;42,65 EUR;+ 12,79 EUR de envío;Vendidos  13 jul 2021Artículo vendido;desde Finlandia;
Solo Manual Para Bomberman Max 2 Azul-Gameboy Advance;2,33 EUR;+ 17,63 EUR de envío estimado;Vendidos  11 jul 2021Artículo vendido;desde Reino Unido;
NINTENDO GAMEBOY Juego Max gran condición solo carro;15,12 EUR;+ 16,61 EUR de envío estimado;Vendidos  10 jul 2021Artículo vendido;desde Reino Unido;
Monster Max Game Boy FAH ;15,00 EUR;Envío internacional gratis;Vendidos  4 jul 2021Artículo vendido;desde Francia;
Max Payne Juego Boy Advance Cartucho De Juego;10,47 EUR;+ 16,52 EUR de envío estimado;Vendidos  1 jul 2021Artículo vendido;desde Reino Unido;
