Casper y el trío fantasmal ps2 Juego Niños Boys & Girls-Excelente Estado;2,32 EUR;+ 18,65 EUR de envío estimado;Vendidos  22 sep 2021Artículo vendido;desde Reino Unido;
GAME BOY ADVANCE (GBA) - Casper, Juego Solamente;5,81 EUR;+ 16,44 EUR de envío estimado;Vendidos  9 sep 2021Artículo vendido;desde Reino Unido;
Casper de vídeo juego para Nintendo Game Boy Color Probado;11,62 EUR;+ 16,55 EUR de envío estimado;Vendidos  29 jul 2021Artículo vendido;desde Reino Unido;
Vintage 2000 Casper Retro Nintendo Game Boy Color Cartucho De Juego;8,13 EUR;+ 17,99 EUR de envío estimado;Vendidos  28 jul 2021Artículo vendido;desde Reino Unido;
lot de deux jeu Game Boy Color ( Casper  +  HALLOWEEN RACER );10,90 EUR;+ 5,90 EUR de envío;Vendidos  16 jul 2021Artículo vendido;desde Francia;
Casper-Game Boy Advance GBA, auténtico Cartucho sólo, probado y de trabajo;10,23 EUR;Envío gratis;Vendidos  18 sep 2021Artículo vendido;desde Estados Unidos;
Nintendo GameBoy Juego y ver galería 2 & Casper Juegos;12,79 EUR;Envío gratis;Vendidos  6 sep 2021Artículo vendido;desde Estados Unidos;
Nintendo Game Boy Casper Folleto De Instrucciones Manual Solamente;4,68 EUR;Envío gratis;Vendidos  4 sep 2021Artículo vendido;desde Estados Unidos;
Casper (Nintendo Game Boy Color, 1999) Auténtico, probado con Caja Original;21,31 EUR;+ 3,80 EUR de envío;Vendidos  4 sep 2021Artículo vendido;desde Estados Unidos;
Casper (Nintendo Game Boy, GB) sólo Juego-probado y funciona;3,41 EUR;+ 3,41 EUR de envío;Vendidos  28 ago 2021Artículo vendido;desde Estados Unidos;
Casper Nintendo Game Boy Advance 2002 cartucho de juego solamente envío gratuito;17,90 EUR;Envío gratis;Vendidos  21 ago 2021Artículo vendido;desde Estados Unidos;
Game Boy Casper Probado;5,11 EUR;Envío gratis;Vendidos  26 jul 2021Artículo vendido;desde Estados Unidos;
Casper [Gameboy Color] [Solo Cartucho];7,68 EUR;Envío gratis;Vendidos  25 jul 2021Artículo vendido;desde Estados Unidos;
Casper (Nintendo Game Boy) Auténtico! Original Gameboy;6,81 EUR;Envío gratis;Vendidos  22 jul 2021Artículo vendido;desde Estados Unidos;
Casper (Nintendo Gameboy Advance GBA) solo carro funciona muy bien Auténtico;11,90 EUR;Envío gratis;Vendidos  12 jul 2021Artículo vendido;desde Estados Unidos;
Casper (Nintendo Game Boy Color, sólo cartucho de 1999)! probado!;8,53 EUR;Envío gratis;Vendidos  9 jul 2021Artículo vendido;desde Estados Unidos;
Nintendo Gameboy Juego Casper Completo en Caja Completo En Caja;42,65 EUR;Envío gratis;Vendidos  7 jul 2021Artículo vendido;desde Estados Unidos;
Nintendo Game Boy Pocket in Azul Hielo. modelo MGB-001. probado! GameBoy! con Casper;72,50 EUR;+ 4,44 EUR de envío;Vendidos  6 jul 2021Artículo vendido;desde Estados Unidos;
Casper (Nintendo Game Boy Color, 1999);6,74 EUR;+ 3,67 EUR de envío;Vendidos  6 jul 2021Artículo vendido;desde Estados Unidos;
Casper Nintendo Game Boy juega en Color * limpiado & Probado *;7,67 EUR;+ 3,84 EUR de envío;Vendidos  2 jul 2021Artículo vendido;desde Estados Unidos;
Casper Nintendo Game Boy * Probado *;6,81 EUR;Envío gratis;Vendidos  1 jul 2021Artículo vendido;desde Estados Unidos;
