Game Boy GB:Takeda Nobuhiro no Ace Striker [TOP JALECO & 1ERE EDITION] Jap;19,90 EUR;+ 5,80 EUR de envío;desde Francia;
Game Boy GB : Takeda Nobuhiro No Ace Striker [Top Jaleco & 1ERE Edition] Jap;19,90 EUR;+ 6,00 EUR de envío;desde Francia;
Takeda Nobuhiro no Ace Striker Japón Nintendo Gameboy;3,49 EUR;+ 17,58 EUR de envío estimado;desde Reino Unido;
Takeda Nobuhiro no Ace Striker / Goal! (Nintendo Game Boy GB, 1994) Japan Import;4,65 EUR;+ 3,83 EUR de envío;desde Canadá;
Takeda Nobuhiro no Ace Striker Gameboy Nintendo 1891 GB;12,79 EUR;+ 14,50 EUR de envío;desde Japón;
Nintendo GameBoy - Takeda Nobuhiro no Ace Striker Japan Cartridge;7,42 EUR;+ 6,19 EUR de envío;desde Australia;
Game Boy GB : Takeda Nobuhiro No Ace Striker [Top Jaleco & 1ERE Edizione] Jap;19,90 EUR;+ 6,00 EUR de envío;desde Francia;
Game Boy/Color GB Takeda Hiroshi'S Ace Striker (Soft single) Buenos #A89;18,75 EUR;Envío internacional gratis;desde Japón;
Game Boy GB Takeda Hiroshi Ace Striker ligeramente Color Yake (sólo suave) Boy Acce;21,31 EUR;Envío internacional gratis;desde Japón;
Game Boy GB: Takeda Nobuhiro no Ace Striker [Top Jaleco & 1ERE Edition] JAP;23,24 EUR;+ 4,29 EUR de envío;desde Francia;
GB -- Takeda Nobuhiro no Ace Striker -- Caja. juego Boy, Japón Juego. 13960;5,97 EUR;+ 7,68 EUR de envío;desde Japón;
The King of Ace Strikers Jeu Nintendo Game Boy Import Japon GB Classic NTSC-J;4,55 EUR;+ 5,50 EUR de envío;desde Francia;
