Bonk's Adventure Game Boy USA ;35,00 EUR;Envío internacional gratis;desde Francia;
Bonk's Adventure Nintendo Game Boy Platformer Hudson Suave probado Auténtico Juego;18,76 EUR;+ 15,35 EUR de envío;desde Italia;
Nuevo anuncioBonk's Adventure (Nintendo Game Boy, 1992) Sólo Cartucho;25,54 EUR;Envío gratis;desde Estados Unidos;
Nuevo anuncioAuténtico Original Bonk's Adventure Game Boy Completa Vintage;127,89 EUR;+ 17,01 EUR de envío;desde Canadá;
Bonk's Adventure (Nintendo Game Boy, 1992);26,44 EUR;+ 3,67 EUR de envío;desde Estados Unidos;
Bonk's Adventure (Nintendo Game Boy, 1992) Sólo Cartucho;23,87 EUR;+ 3,58 EUR de envío;desde Estados Unidos;
Bonk's Adventure (Nintendo Game Boy, 1992) 100% Auténtico!;42,64 EUR;Envío gratis;desde Estados Unidos;
Bonk's Adventure-auténtico-Nintendo Game Boy-Solo Manual!;18,70 EUR;Envío gratis;desde Estados Unidos;
Bonk's Adventure (Nintendo Game Boy, 1992) 100% Auténtico;38,38 EUR;+ 7,59 EUR de envío;desde Estados Unidos;
Bonk's Adventure Nintendo Game Boy Original * Auténtico * más difícil encontrar!;51,15 EUR;Envío gratis;desde Estados Unidos;
Bonk's Adventure (Nintendo Game Boy, 1992 Gameboy)-Cart Only Authentic;53,23 EUR;+ 3,99 EUR de envío;desde Canadá;
Bonk's Adventure (Nintendo Game Boy, 1992) MANUAL ONLY! ;23,26 EUR;+ 9,98 EUR de envío;desde Canadá;
Bonk's Adventure Land Reino Nintendo Game Boy - 1994-Japón Importación;12,78 EUR;+ 3,88 EUR de envío;desde Estados Unidos;
Bonk's Adventure 1 y 2 GB Japón Nintendo Game Boy Genjin;36,67 EUR;Envío internacional gratis;desde Japón;
Bonk's Adventure Nintendo Gameboy Cartridge ;30,87 EUR;+ 4,96 EUR de envío;desde Australia;
Nintendo Bonk's Adventure Genjin LAND Game Boy excelentes condiciones de Japón;37,44 EUR;Envío internacional gratis;desde Japón;
Bonk's Adventure Genjin Land Japón Nintendo Game Boy;25,50 EUR;+ 12,79 EUR de envío;desde Japón;
Bonk's Adventure (Nintendo Game Boy, 1992);31,56 EUR;+ 17,06 EUR de envío;desde Colombia;
Bonk's Adventure Game Boy Manual Only ;23,28 EUR;+ 6,65 EUR de envío;desde Canadá;
Nintendo Game Boy "GB Genjin 1" Bonk's Adventure BC niño;10,41 EUR;+ 21,32 EUR de envío;desde Japón;
SUPER GENJIN 2 Bonk's Adventure PC Kid Nintendo Super Famicom SFC SNES Jap Japan;48,00 EUR;+ 35,00 EUR de envío;desde Francia;
