Virtual Pro Baseball 95 Virtual Boy Nintendo-Nuevo-Libre P&P;52,69 EUR;+ 17,39 EUR de envÃ­o estimado;desde Reino Unido;
Baseball Game Boy USA;12,00 EUR;EnvÃ­o internacional gratis;desde Francia;
âœ¨ Baseball Game Boy 1989 1st version Nintendo Japan Complet Boxed GB DMG-BSA âœ¨;29,90 EUR;+Â 28,10 EUR de envÃ­o;desde Francia;
Game Boy GB:Baseball [TOP NINTENDO 1989 & 1ERE EDITION] Jap;4,90 EUR;+Â 1,80 EUR de envÃ­o;desde Francia;
NINTENDO GAME BOY GB - Baseball - JAPAN VERSION;32,90 EUR;+Â 19,90 EUR de envÃ­o;desde EspaÃ±a;
âœ¨ Baseball Kids Jaleco Game Boy 1990 Japan Complet Nintendo Boxed GB DMG-BKJ âœ¨;19,90 EUR;+Â 28,10 EUR de envÃ­o;desde Francia;
Nintendo Game Boy Color - All-Star Baseball 2000 - PAL - EUR;7,99 EUR;+Â 5,00 EUR de envÃ­o;desde Francia;
Baseball Game Boy Japan;5,00 EUR;+Â 10,00 EUR de envÃ­o;desde Italia;
Game Boy Advance Alta Temperatura Major League Baseball 2002 AGB-Assp-UKV (ver foto);3,50 EUR;+ 16,50 EUR de envÃ­o estimado;desde Reino Unido;
ðŸŒŸ MVP Baseball ðŸŒŸ NINTENDO GAME BOY ðŸŒŸ COLOR ðŸŒŸ SP ðŸŒŸ GBA ðŸŒŸ UK ðŸ‡¬ ðŸ‡§ vendedor ðŸŒŸ ðŸŒŸ EnvÃ­o rÃ¡pido;9,31 EUR;+Â 8,07 EUR de envÃ­o;desde Reino Unido;
Calor alto: Major League Baseball 2002-Nintendo Game Boy Advance NTSC;3,50 EUR;+Â 17,51 EUR de envÃ­o;desde Reino Unido;
game boy Mario Baseball Classic Nintendo;13,00 EUR;+Â 12,00 EUR de envÃ­o;desde Italia;
Jeu HIGH HEAT Baseball 2002 sur Nintendo Game Boy Advance GBA NEUF sous blister;14,90 EUR;+Â 27,00 EUR de envÃ­o;desde Francia;
Baseball Nintendo Game Boy GB NTSC-J RegiÃ³n FREE Rare;9,99 EUR;+Â 19,99 EUR de envÃ­o;desde EspaÃ±a;
Mobile Pro Baseball - Game Boy Advance GBA Nintendo - JAP;19,90 EUR;+Â 12,00 EUR de envÃ­o;desde Italia;
Nintendo Gameboy juego-Sports Illustrated Championship football & Baseball OVP;119,90 EUR;EnvÃ­o no especificado;desde Alemania;
MVP Baseball Nintendo Gameboy JaponÃ©s Original Cartucho De Juego DMG-VMA;5,84 EUR;+ 16,55 EUR de envÃ­o estimado;desde Reino Unido;
Nintendo Game Boy Baseball Loose;20,00 EUR;+Â 5,00 EUR de envÃ­o;desde Italia;
